event_id,choice_index,name_key,result_key
plains_tang_patrol,1,event.plains_tang_patrol.choice1,event.plains_tang_patrol.choice1.result
plains_tang_patrol,2,event.plains_tang_patrol.choice2,event.plains_tang_patrol.choice2.result
plains_tang_patrol,3,event.plains_tang_patrol.choice3,event.plains_tang_patrol.choice3.result
plains_dacoit_ambush,1,event.plains_dacoit_ambush.choice1,event.plains_dacoit_ambush.choice1.result
plains_dacoit_ambush,2,event.plains_dacoit_ambush.choice2,event.plains_dacoit_ambush.choice2.result
plains_dacoit_ambush,3,event.plains_dacoit_ambush.choice3,event.plains_dacoit_ambush.choice3.result
plains_sogdian_merchant,1,event.plains_sogdian_merchant.choice1,event.plains_sogdian_merchant.choice1.result
plains_sogdian_merchant,2,event.plains_sogdian_merchant.choice2,event.plains_sogdian_merchant.choice2.result
plains_sogdian_merchant,3,event.plains_sogdian_merchant.choice3,event.plains_sogdian_merchant.choice3.result
plains_broken_wheel,1,event.plains_broken_wheel.choice1,event.plains_broken_wheel.choice1.result
plains_broken_wheel,2,event.plains_broken_wheel.choice2,event.plains_broken_wheel.choice2.result
plains_broken_wheel,3,event.plains_broken_wheel.choice3,event.plains_broken_wheel.choice3.result
plains_indian_festival,1,event.plains_indian_festival.choice1,event.plains_indian_festival.choice1.result
plains_indian_festival,2,event.plains_indian_festival.choice2,event.plains_indian_festival.choice2.result
plains_indian_festival,3,event.plains_indian_festival.choice3,event.plains_indian_festival.choice3.result
plains_persian_scholar,1,event.plains_persian_scholar.choice1,event.plains_persian_scholar.choice1.result
plains_persian_scholar,2,event.plains_persian_scholar.choice2,event.plains_persian_scholar.choice2.result
plains_persian_scholar,3,event.plains_persian_scholar.choice3,event.plains_persian_scholar.choice3.result
plains_abbasid_deserters,1,event.plains_abbasid_deserters.choice1,event.plains_abbasid_deserters.choice1.result
plains_abbasid_deserters,2,event.plains_abbasid_deserters.choice2,event.plains_abbasid_deserters.choice2.result
plains_abbasid_deserters,3,event.plains_abbasid_deserters.choice3,event.plains_abbasid_deserters.choice3.result
plains_abandoned_camp,1,event.plains_abandoned_camp.choice1,event.plains_abandoned_camp.choice1.result
plains_abandoned_camp,2,event.plains_abandoned_camp.choice2,event.plains_abandoned_camp.choice2.result
plains_abandoned_camp,3,event.plains_abandoned_camp.choice3,event.plains_abandoned_camp.choice3.result
plains_turkic_horsemen,1,event.plains_turkic_horsemen.choice1,event.plains_turkic_horsemen.choice1.result
plains_turkic_horsemen,2,event.plains_turkic_horsemen.choice2,event.plains_turkic_horsemen.choice2.result
plains_turkic_horsemen,3,event.plains_turkic_horsemen.choice3,event.plains_turkic_horsemen.choice3.result
plains_cart_axle_split,1,event.plains_cart_axle_split.choice1,event.plains_cart_axle_split.choice1.result
plains_cart_axle_split,2,event.plains_cart_axle_split.choice2,event.plains_cart_axle_split.choice2.result
plains_cart_axle_split,3,event.plains_cart_axle_split.choice3,event.plains_cart_axle_split.choice3.result
plains_arab_tax_collector,1,event.plains_arab_tax_collector.choice1,event.plains_arab_tax_collector.choice1.result
plains_arab_tax_collector,2,event.plains_arab_tax_collector.choice2,event.plains_arab_tax_collector.choice2.result
plains_arab_tax_collector,3,event.plains_arab_tax_collector.choice3,event.plains_arab_tax_collector.choice3.result
plains_shepherd_camp,1,event.plains_shepherd_camp.choice1,event.plains_shepherd_camp.choice1.result
plains_shepherd_camp,2,event.plains_shepherd_camp.choice2,event.plains_shepherd_camp.choice2.result
plains_shepherd_camp,3,event.plains_shepherd_camp.choice3,event.plains_shepherd_camp.choice3.result
plains_buddhist_monk,1,event.plains_buddhist_monk.choice1,event.plains_buddhist_monk.choice1.result
plains_buddhist_monk,2,event.plains_buddhist_monk.choice2,event.plains_buddhist_monk.choice2.result
plains_buddhist_monk,3,event.plains_buddhist_monk.choice3,event.plains_buddhist_monk.choice3.result
plains_sick_ox,1,event.plains_sick_ox.choice1,event.plains_sick_ox.choice1.result
plains_sick_ox,2,event.plains_sick_ox.choice2,event.plains_sick_ox.choice2.result
plains_sick_ox,3,event.plains_sick_ox.choice3,event.plains_sick_ox.choice3.result
plains_hidden_well,1,event.plains_hidden_well.choice1,event.plains_hidden_well.choice1.result
plains_hidden_well,2,event.plains_hidden_well.choice2,event.plains_hidden_well.choice2.result
plains_hidden_well,3,event.plains_hidden_well.choice3,event.plains_hidden_well.choice3.result
plains_wedding_procession,1,event.plains_wedding_procession.choice1,event.plains_wedding_procession.choice1.result
plains_wedding_procession,2,event.plains_wedding_procession.choice2,event.plains_wedding_procession.choice2.result
plains_wedding_procession,3,event.plains_wedding_procession.choice3,event.plains_wedding_procession.choice3.result
plains_caravanserai_ruins,1,event.plains_caravanserai_ruins.choice1,event.plains_caravanserai_ruins.choice1.result
plains_caravanserai_ruins,2,event.plains_caravanserai_ruins.choice2,event.plains_caravanserai_ruins.choice2.result
plains_caravanserai_ruins,3,event.plains_caravanserai_ruins.choice3,event.plains_caravanserai_ruins.choice3.result
plains_persian_caravanserai,1,event.plains_persian_caravanserai.choice1,event.plains_persian_caravanserai.choice1.result
plains_persian_caravanserai,2,event.plains_persian_caravanserai.choice2,event.plains_persian_caravanserai.choice2.result
plains_persian_caravanserai,3,event.plains_persian_caravanserai.choice3,event.plains_persian_caravanserai.choice3.result
plains_loose_cargo,1,event.plains_loose_cargo.choice1,event.plains_loose_cargo.choice1.result
plains_loose_cargo,2,event.plains_loose_cargo.choice2,event.plains_loose_cargo.choice2.result
plains_loose_cargo,3,event.plains_loose_cargo.choice3,event.plains_loose_cargo.choice3.result
plains_damascus_bazaar,1,event.plains_damascus_bazaar.choice1,event.plains_damascus_bazaar.choice1.result
plains_damascus_bazaar,2,event.plains_damascus_bazaar.choice2,event.plains_damascus_bazaar.choice2.result
plains_damascus_bazaar,3,event.plains_damascus_bazaar.choice3,event.plains_damascus_bazaar.choice3.result
plains_military_conscription,1,event.plains_military_conscription.choice1,event.plains_military_conscription.choice1.result
plains_military_conscription,2,event.plains_military_conscription.choice2,event.plains_military_conscription.choice2.result
plains_military_conscription,3,event.plains_military_conscription.choice3,event.plains_military_conscription.choice3.result
plains_hindu_pilgrims,1,event.plains_hindu_pilgrims.choice1,event.plains_hindu_pilgrims.choice1.result
plains_hindu_pilgrims,2,event.plains_hindu_pilgrims.choice2,event.plains_hindu_pilgrims.choice2.result
plains_hindu_pilgrims,3,event.plains_hindu_pilgrims.choice3,event.plains_hindu_pilgrims.choice3.result
plains_counterfeit_coins,1,event.plains_counterfeit_coins.choice1,event.plains_counterfeit_coins.choice1.result
plains_counterfeit_coins,2,event.plains_counterfeit_coins.choice2,event.plains_counterfeit_coins.choice2.result
plains_counterfeit_coins,3,event.plains_counterfeit_coins.choice3,event.plains_counterfeit_coins.choice3.result
plains_night_raiders,1,event.plains_night_raiders.choice1,event.plains_night_raiders.choice1.result
plains_night_raiders,2,event.plains_night_raiders.choice2,event.plains_night_raiders.choice2.result
plains_night_raiders,3,event.plains_night_raiders.choice3,event.plains_night_raiders.choice3.result
plains_roadside_market,1,event.plains_roadside_market.choice1,event.plains_roadside_market.choice1.result
plains_roadside_market,2,event.plains_roadside_market.choice2,event.plains_roadside_market.choice2.result
plains_roadside_market,3,event.plains_roadside_market.choice3,event.plains_roadside_market.choice3.result
plains_dust_storm,1,event.plains_dust_storm.choice1,event.plains_dust_storm.choice1.result
plains_dust_storm,2,event.plains_dust_storm.choice2,event.plains_dust_storm.choice2.result
plains_dust_storm,3,event.plains_dust_storm.choice3,event.plains_dust_storm.choice3.result
plains_tang_official,1,event.plains_tang_official.choice1,event.plains_tang_official.choice1.result
plains_tang_official,2,event.plains_tang_official.choice2,event.plains_tang_official.choice2.result
plains_tang_official,3,event.plains_tang_official.choice3,event.plains_tang_official.choice3.result
plains_wild_horses,1,event.plains_wild_horses.choice1,event.plains_wild_horses.choice1.result
plains_wild_horses,2,event.plains_wild_horses.choice2,event.plains_wild_horses.choice2.result
plains_wild_horses,3,event.plains_wild_horses.choice3,event.plains_wild_horses.choice3.result
plains_merchant_caravan,1,event.plains_merchant_caravan.choice1,event.plains_merchant_caravan.choice1.result
plains_merchant_caravan,2,event.plains_merchant_caravan.choice2,event.plains_merchant_caravan.choice2.result
plains_merchant_caravan,3,event.plains_merchant_caravan.choice3,event.plains_merchant_caravan.choice3.result
plains_bandit_toll,1,event.plains_bandit_toll.choice1,event.plains_bandit_toll.choice1.result
plains_bandit_toll,2,event.plains_bandit_toll.choice2,event.plains_bandit_toll.choice2.result
plains_bandit_toll,3,event.plains_bandit_toll.choice3,event.plains_bandit_toll.choice3.result
desert_snake_nest,1,event.desert_snake_nest.choice1,event.desert_snake_nest.choice1.result
desert_snake_nest,2,event.desert_snake_nest.choice2,event.desert_snake_nest.choice2.result
desert_snake_nest,3,event.desert_snake_nest.choice3,event.desert_snake_nest.choice3.result
desert_turkic_raiders,1,event.desert_turkic_raiders.choice1,event.desert_turkic_raiders.choice1.result
desert_turkic_raiders,2,event.desert_turkic_raiders.choice2,event.desert_turkic_raiders.choice2.result
desert_turkic_raiders,3,event.desert_turkic_raiders.choice3,event.desert_turkic_raiders.choice3.result
desert_sogdian_caravan,1,event.desert_sogdian_caravan.choice1,event.desert_sogdian_caravan.choice1.result
desert_sogdian_caravan,2,event.desert_sogdian_caravan.choice2,event.desert_sogdian_caravan.choice2.result
desert_sogdian_caravan,3,event.desert_sogdian_caravan.choice3,event.desert_sogdian_caravan.choice3.result
desert_axle_crack,1,event.desert_axle_crack.choice1,event.desert_axle_crack.choice1.result
desert_axle_crack,2,event.desert_axle_crack.choice2,event.desert_axle_crack.choice2.result
desert_axle_crack,3,event.desert_axle_crack.choice3,event.desert_axle_crack.choice3.result
desert_smuggler_cache,1,event.desert_smuggler_cache.choice1,event.desert_smuggler_cache.choice1.result
desert_smuggler_cache,2,event.desert_smuggler_cache.choice2,event.desert_smuggler_cache.choice2.result
desert_smuggler_cache,3,event.desert_smuggler_cache.choice3,event.desert_smuggler_cache.choice3.result
desert_bedouin_tracker,1,event.desert_bedouin_tracker.choice1,event.desert_bedouin_tracker.choice1.result
desert_bedouin_tracker,2,event.desert_bedouin_tracker.choice2,event.desert_bedouin_tracker.choice2.result
desert_bedouin_tracker,3,event.desert_bedouin_tracker.choice3,event.desert_bedouin_tracker.choice3.result
desert_djinn_fire,1,event.desert_djinn_fire.choice1,event.desert_djinn_fire.choice1.result
desert_djinn_fire,2,event.desert_djinn_fire.choice2,event.desert_djinn_fire.choice2.result
desert_djinn_fire,3,event.desert_djinn_fire.choice3,event.desert_djinn_fire.choice3.result
desert_dried_well,1,event.desert_dried_well.choice1,event.desert_dried_well.choice1.result
desert_dried_well,2,event.desert_dried_well.choice2,event.desert_dried_well.choice2.result
desert_dried_well,3,event.desert_dried_well.choice3,event.desert_dried_well.choice3.result
desert_hajj_pilgrims,1,event.desert_hajj_pilgrims.choice1,event.desert_hajj_pilgrims.choice1.result
desert_hajj_pilgrims,2,event.desert_hajj_pilgrims.choice2,event.desert_hajj_pilgrims.choice2.result
desert_hajj_pilgrims,3,event.desert_hajj_pilgrims.choice3,event.desert_hajj_pilgrims.choice3.result
desert_camel_collapse,1,event.desert_camel_collapse.choice1,event.desert_camel_collapse.choice1.result
desert_camel_collapse,2,event.desert_camel_collapse.choice2,event.desert_camel_collapse.choice2.result
desert_camel_collapse,3,event.desert_camel_collapse.choice3,event.desert_camel_collapse.choice3.result
desert_abandoned_caravan,1,event.desert_abandoned_caravan.choice1,event.desert_abandoned_caravan.choice1.result
desert_abandoned_caravan,2,event.desert_abandoned_caravan.choice2,event.desert_abandoned_caravan.choice2.result
desert_abandoned_caravan,3,event.desert_abandoned_caravan.choice3,event.desert_abandoned_caravan.choice3.result
desert_turkic_herdsman,1,event.desert_turkic_herdsman.choice1,event.desert_turkic_herdsman.choice1.result
desert_turkic_herdsman,2,event.desert_turkic_herdsman.choice2,event.desert_turkic_herdsman.choice2.result
desert_turkic_herdsman,3,event.desert_turkic_herdsman.choice3,event.desert_turkic_herdsman.choice3.result
desert_cursed_ruins,1,event.desert_cursed_ruins.choice1,event.desert_cursed_ruins.choice1.result
desert_cursed_ruins,2,event.desert_cursed_ruins.choice2,event.desert_cursed_ruins.choice2.result
desert_cursed_ruins,3,event.desert_cursed_ruins.choice3,event.desert_cursed_ruins.choice3.result
desert_night_stars,1,event.desert_night_stars.choice1,event.desert_night_stars.choice1.result
desert_night_stars,2,event.desert_night_stars.choice2,event.desert_night_stars.choice2.result
desert_deserter_ambush,1,event.desert_deserter_ambush.choice1,event.desert_deserter_ambush.choice1.result
desert_deserter_ambush,2,event.desert_deserter_ambush.choice2,event.desert_deserter_ambush.choice2.result
desert_deserter_ambush,3,event.desert_deserter_ambush.choice3,event.desert_deserter_ambush.choice3.result
desert_sogdian_banker,1,event.desert_sogdian_banker.choice1,event.desert_sogdian_banker.choice1.result
desert_sogdian_banker,2,event.desert_sogdian_banker.choice2,event.desert_sogdian_banker.choice2.result
desert_cave_monastery,1,event.desert_cave_monastery.choice1,event.desert_cave_monastery.choice1.result
desert_cave_monastery,2,event.desert_cave_monastery.choice2,event.desert_cave_monastery.choice2.result
desert_cave_monastery,3,event.desert_cave_monastery.choice3,event.desert_cave_monastery.choice3.result
desert_dust_devil,1,event.desert_dust_devil.choice1,event.desert_dust_devil.choice1.result
desert_dust_devil,2,event.desert_dust_devil.choice2,event.desert_dust_devil.choice2.result
desert_arab_captain,1,event.desert_arab_captain.choice1,event.desert_arab_captain.choice1.result
desert_arab_captain,2,event.desert_arab_captain.choice2,event.desert_arab_captain.choice2.result
desert_arab_captain,3,event.desert_arab_captain.choice3,event.desert_arab_captain.choice3.result
desert_hermit_sage,1,event.desert_hermit_sage.choice1,event.desert_hermit_sage.choice1.result
desert_hermit_sage,2,event.desert_hermit_sage.choice2,event.desert_hermit_sage.choice2.result
desert_hermit_sage,3,event.desert_hermit_sage.choice3,event.desert_hermit_sage.choice3.result
desert_mirage_djinn,1,event.desert_mirage_djinn.choice1,event.desert_mirage_djinn.choice1.result
desert_mirage_djinn,2,event.desert_mirage_djinn.choice2,event.desert_mirage_djinn.choice2.result
desert_sand_viper,1,event.desert_sand_viper.choice1,event.desert_sand_viper.choice1.result
desert_sand_viper,2,event.desert_sand_viper.choice2,event.desert_sand_viper.choice2.result
desert_sand_viper,3,event.desert_sand_viper.choice3,event.desert_sand_viper.choice3.result
desert_bedouin_raid,1,event.desert_bedouin_raid.choice1,event.desert_bedouin_raid.choice1.result
desert_bedouin_raid,2,event.desert_bedouin_raid.choice2,event.desert_bedouin_raid.choice2.result
desert_bedouin_raid,3,event.desert_bedouin_raid.choice3,event.desert_bedouin_raid.choice3.result
desert_incense_trader,1,event.desert_incense_trader.choice1,event.desert_incense_trader.choice1.result
desert_incense_trader,2,event.desert_incense_trader.choice2,event.desert_incense_trader.choice2.result
desert_incense_trader,3,event.desert_incense_trader.choice3,event.desert_incense_trader.choice3.result
desert_sky_omen,1,event.desert_sky_omen.choice1,event.desert_sky_omen.choice1.result
desert_sky_omen,2,event.desert_sky_omen.choice2,event.desert_sky_omen.choice2.result
desert_nomad_barter,1,event.desert_nomad_barter.choice1,event.desert_nomad_barter.choice1.result
desert_nomad_barter,2,event.desert_nomad_barter.choice2,event.desert_nomad_barter.choice2.result
desert_nomad_barter,3,event.desert_nomad_barter.choice3,event.desert_nomad_barter.choice3.result
desert_guide_shortcut,1,event.desert_guide_shortcut.choice1,event.desert_guide_shortcut.choice1.result
desert_guide_shortcut,2,event.desert_guide_shortcut.choice2,event.desert_guide_shortcut.choice2.result
desert_merchant_tip,1,event.desert_merchant_tip.choice1,event.desert_merchant_tip.choice1.result
desert_merchant_tip,2,event.desert_merchant_tip.choice2,event.desert_merchant_tip.choice2.result
desert_heat_madness,1,event.desert_heat_madness.choice1,event.desert_heat_madness.choice1.result
desert_heat_madness,2,event.desert_heat_madness.choice2,event.desert_heat_madness.choice2.result
desert_heat_madness,3,event.desert_heat_madness.choice3,event.desert_heat_madness.choice3.result
desert_buried_shrine,1,event.desert_buried_shrine.choice1,event.desert_buried_shrine.choice1.result
desert_buried_shrine,2,event.desert_buried_shrine.choice2,event.desert_buried_shrine.choice2.result
desert_buried_shrine,3,event.desert_buried_shrine.choice3,event.desert_buried_shrine.choice3.result
highland_blizzard,1,event.highland_blizzard.choice1,event.highland_blizzard.choice1.result
highland_blizzard,2,event.highland_blizzard.choice2,event.highland_blizzard.choice2.result
highland_altitude,1,event.highland_altitude.choice1,event.highland_altitude.choice1.result
highland_altitude,2,event.highland_altitude.choice2,event.highland_altitude.choice2.result
highland_altitude,3,event.highland_altitude.choice3,event.highland_altitude.choice3.result
highland_avalanche,1,event.highland_avalanche.choice1,event.highland_avalanche.choice1.result
highland_avalanche,2,event.highland_avalanche.choice2,event.highland_avalanche.choice2.result
highland_frozen_wheels,1,event.highland_frozen_wheels.choice1,event.highland_frozen_wheels.choice1.result
highland_frozen_wheels,2,event.highland_frozen_wheels.choice2,event.highland_frozen_wheels.choice2.result
highland_frozen_wheels,3,event.highland_frozen_wheels.choice3,event.highland_frozen_wheels.choice3.result
highland_ice_path,1,event.highland_ice_path.choice1,event.highland_ice_path.choice1.result
highland_ice_path,2,event.highland_ice_path.choice2,event.highland_ice_path.choice2.result
highland_tibetan_patrol,1,event.highland_tibetan_patrol.choice1,event.highland_tibetan_patrol.choice1.result
highland_tibetan_patrol,2,event.highland_tibetan_patrol.choice2,event.highland_tibetan_patrol.choice2.result
highland_tibetan_patrol,3,event.highland_tibetan_patrol.choice3,event.highland_tibetan_patrol.choice3.result
highland_pamir_bandits,1,event.highland_pamir_bandits.choice1,event.highland_pamir_bandits.choice1.result
highland_pamir_bandits,2,event.highland_pamir_bandits.choice2,event.highland_pamir_bandits.choice2.result
highland_pamir_bandits,3,event.highland_pamir_bandits.choice3,event.highland_pamir_bandits.choice3.result
highland_yak_herders,1,event.highland_yak_herders.choice1,event.highland_yak_herders.choice1.result
highland_yak_herders,2,event.highland_yak_herders.choice2,event.highland_yak_herders.choice2.result
highland_yak_herders,3,event.highland_yak_herders.choice3,event.highland_yak_herders.choice3.result
highland_monastery,1,event.highland_monastery.choice1,event.highland_monastery.choice1.result
highland_monastery,2,event.highland_monastery.choice2,event.highland_monastery.choice2.result
highland_monastery,3,event.highland_monastery.choice3,event.highland_monastery.choice3.result
highland_hermit,1,event.highland_hermit.choice1,event.highland_hermit.choice1.result
highland_hermit,2,event.highland_hermit.choice2,event.highland_hermit.choice2.result
highland_hermit,3,event.highland_hermit.choice3,event.highland_hermit.choice3.result
highland_thin_air,1,event.highland_thin_air.choice1,event.highland_thin_air.choice1.result
highland_thin_air,2,event.highland_thin_air.choice2,event.highland_thin_air.choice2.result
highland_warrior_monk,1,event.highland_warrior_monk.choice1,event.highland_warrior_monk.choice1.result
highland_warrior_monk,2,event.highland_warrior_monk.choice2,event.highland_warrior_monk.choice2.result
highland_mountain_guide,1,event.highland_mountain_guide.choice1,event.highland_mountain_guide.choice1.result
highland_mountain_guide,2,event.highland_mountain_guide.choice2,event.highland_mountain_guide.choice2.result
highland_greek_monk,1,event.highland_greek_monk.choice1,event.highland_greek_monk.choice1.result
highland_greek_monk,2,event.highland_greek_monk.choice2,event.highland_greek_monk.choice2.result
highland_greek_monk,3,event.highland_greek_monk.choice3,event.highland_greek_monk.choice3.result
highland_pass_lights,1,event.highland_pass_lights.choice1,event.highland_pass_lights.choice1.result
highland_pass_lights,2,event.highland_pass_lights.choice2,event.highland_pass_lights.choice2.result
highland_mountain_spirit,1,event.highland_mountain_spirit.choice1,event.highland_mountain_spirit.choice1.result
highland_mountain_spirit,2,event.highland_mountain_spirit.choice2,event.highland_mountain_spirit.choice2.result
highland_mountain_spirit,3,event.highland_mountain_spirit.choice3,event.highland_mountain_spirit.choice3.result
highland_elder_blessing,1,event.highland_elder_blessing.choice1,event.highland_elder_blessing.choice1.result
highland_elder_blessing,2,event.highland_elder_blessing.choice2,event.highland_elder_blessing.choice2.result
highland_elder_blessing,3,event.highland_elder_blessing.choice3,event.highland_elder_blessing.choice3.result
highland_cart_slide,1,event.highland_cart_slide.choice1,event.highland_cart_slide.choice1.result
highland_cart_slide,2,event.highland_cart_slide.choice2,event.highland_cart_slide.choice2.result
highland_cart_slide,3,event.highland_cart_slide.choice3,event.highland_cart_slide.choice3.result
highland_broken_axle,1,event.highland_broken_axle.choice1,event.highland_broken_axle.choice1.result
highland_broken_axle,2,event.highland_broken_axle.choice2,event.highland_broken_axle.choice2.result
highland_crystal_cave,1,event.highland_crystal_cave.choice1,event.highland_crystal_cave.choice1.result
highland_crystal_cave,2,event.highland_crystal_cave.choice2,event.highland_crystal_cave.choice2.result
highland_abandoned_shrine,1,event.highland_abandoned_shrine.choice1,event.highland_abandoned_shrine.choice1.result
highland_abandoned_shrine,2,event.highland_abandoned_shrine.choice2,event.highland_abandoned_shrine.choice2.result
highland_abandoned_shrine,3,event.highland_abandoned_shrine.choice3,event.highland_abandoned_shrine.choice3.result
wolves_attack,1,event.wolves_attack.choice1,event.wolves_attack.choice1.result
wolves_attack,2,event.wolves_attack.choice2,event.wolves_attack.choice2.result
wolves_attack,3,event.wolves_attack.choice3,event.wolves_attack.choice3.result
suspicious_travelers,1,event.suspicious_travelers.choice1,event.suspicious_travelers.choice1.result
suspicious_travelers,2,event.suspicious_travelers.choice2,event.suspicious_travelers.choice2.result
suspicious_travelers,3,event.suspicious_travelers.choice3,event.suspicious_travelers.choice3.result
unmarked_fork,1,event.unmarked_fork.choice1,event.unmarked_fork.choice1.result
unmarked_fork,2,event.unmarked_fork.choice2,event.unmarked_fork.choice2.result
unmarked_fork,3,event.unmarked_fork.choice3,event.unmarked_fork.choice3.result
cliff_path,1,event.cliff_path.choice1,event.cliff_path.choice1.result
cliff_path,2,event.cliff_path.choice2,event.cliff_path.choice2.result
cliff_path,3,event.cliff_path.choice3,event.cliff_path.choice3.result
poisoned_stream,1,event.poisoned_stream.choice1,event.poisoned_stream.choice1.result
poisoned_stream,2,event.poisoned_stream.choice2,event.poisoned_stream.choice2.result
poisoned_stream,3,event.poisoned_stream.choice3,event.poisoned_stream.choice3.result
snake_bite,1,event.snake_bite.choice1,event.snake_bite.choice1.result
snake_bite,2,event.snake_bite.choice2,event.snake_bite.choice2.result
snake_bite,3,event.snake_bite.choice3,event.snake_bite.choice3.result
foreign_caravan_trade,1,event.foreign_caravan_trade.choice1,event.foreign_caravan_trade.choice1.result
foreign_caravan_trade,2,event.foreign_caravan_trade.choice2,event.foreign_caravan_trade.choice2.result
foreign_caravan_trade,3,event.foreign_caravan_trade.choice3,event.foreign_caravan_trade.choice3.result
ruin_inscriptions,1,event.ruin_inscriptions.choice1,event.ruin_inscriptions.choice1.result
ruin_inscriptions,2,event.ruin_inscriptions.choice2,event.ruin_inscriptions.choice2.result
ruin_inscriptions,3,event.ruin_inscriptions.choice3,event.ruin_inscriptions.choice3.result
cheap_goods,1,event.cheap_goods.choice1,event.cheap_goods.choice1.result
cheap_goods,2,event.cheap_goods.choice2,event.cheap_goods.choice2.result
cheap_goods,3,event.cheap_goods.choice3,event.cheap_goods.choice3.result
monopolist,1,event.monopolist.choice1,event.monopolist.choice1.result
monopolist,2,event.monopolist.choice2,event.monopolist.choice2.result
monopolist,3,event.monopolist.choice3,event.monopolist.choice3.result
passing_caravan,1,event.passing_caravan.choice1,event.passing_caravan.choice1.result
passing_caravan,2,event.passing_caravan.choice2,event.passing_caravan.choice2.result
military_patrol,1,event.military_patrol.choice1,event.military_patrol.choice1.result
military_patrol,2,event.military_patrol.choice2,event.military_patrol.choice2.result
wedding_procession,1,event.wedding_procession.choice1,event.wedding_procession.choice1.result
wedding_procession,2,event.wedding_procession.choice2,event.wedding_procession.choice2.result
wounded_traveler,1,event.wounded_traveler.choice1,event.wounded_traveler.choice1.result
wounded_traveler,2,event.wounded_traveler.choice2,event.wounded_traveler.choice2.result
wandering_merchant,1,event.wandering_merchant.choice1,event.wandering_merchant.choice1.result
wandering_merchant,2,event.wandering_merchant.choice2,event.wandering_merchant.choice2.result
refugees,1,event.refugees.choice1,event.refugees.choice1.result
refugees,2,event.refugees.choice2,event.refugees.choice2.result
refugees,3,event.refugees.choice3,event.refugees.choice3.result
rival_caravan,1,event.rival_caravan.choice1,event.rival_caravan.choice1.result
rival_caravan,2,event.rival_caravan.choice2,event.rival_caravan.choice2.result
tailwind,1,event.tailwind.choice1,event.tailwind.choice1.result
tailwind,2,event.tailwind.choice2,event.tailwind.choice2.result
lucky_hunt,1,event.lucky_hunt.choice1,event.lucky_hunt.choice1.result
lucky_hunt,2,event.lucky_hunt.choice2,event.lucky_hunt.choice2.result
roadside_spring,1,event.roadside_spring.choice1,event.roadside_spring.choice1.result
roadside_spring,2,event.roadside_spring.choice2,event.roadside_spring.choice2.result
camp_bandit_raid,1,event.camp_bandit_raid.choice1,event.camp_bandit_raid.choice1.result
camp_bandit_raid,2,event.camp_bandit_raid.choice2,event.camp_bandit_raid.choice2.result
camp_bandit_raid,3,event.camp_bandit_raid.choice3,event.camp_bandit_raid.choice3.result
camp_wild_beasts,1,event.camp_wild_beasts.choice1,event.camp_wild_beasts.choice1.result
camp_wild_beasts,2,event.camp_wild_beasts.choice2,event.camp_wild_beasts.choice2.result
camp_eerie_sounds,1,event.camp_eerie_sounds.choice1,event.camp_eerie_sounds.choice1.result
camp_eerie_sounds,2,event.camp_eerie_sounds.choice2,event.camp_eerie_sounds.choice2.result
camp_eerie_sounds,3,event.camp_eerie_sounds.choice3,event.camp_eerie_sounds.choice3.result
camp_thief,1,event.camp_thief.choice1,event.camp_thief.choice1.result
camp_thief,2,event.camp_thief.choice2,event.camp_thief.choice2.result
camp_thief,3,event.camp_thief.choice3,event.camp_thief.choice3.result
camp_stranger_guest,1,event.camp_stranger_guest.choice1,event.camp_stranger_guest.choice1.result
camp_stranger_guest,2,event.camp_stranger_guest.choice2,event.camp_stranger_guest.choice2.result
camp_peddler,1,event.camp_peddler.choice1,event.camp_peddler.choice1.result
camp_peddler,2,event.camp_peddler.choice2,event.camp_peddler.choice2.result
camp_peddler,3,event.camp_peddler.choice3,event.camp_peddler.choice3.result
camp_pilgrim_story,1,event.camp_pilgrim_story.choice1,event.camp_pilgrim_story.choice1.result
camp_pilgrim_story,2,event.camp_pilgrim_story.choice2,event.camp_pilgrim_story.choice2.result
camp_patrol_check,1,event.camp_patrol_check.choice1,event.camp_patrol_check.choice1.result
camp_patrol_check,2,event.camp_patrol_check.choice2,event.camp_patrol_check.choice2.result
camp_patrol_check,3,event.camp_patrol_check.choice3,event.camp_patrol_check.choice3.result
camp_companion_quarrel,1,event.camp_companion_quarrel.choice1,event.camp_companion_quarrel.choice1.result
camp_companion_quarrel,2,event.camp_companion_quarrel.choice2,event.camp_companion_quarrel.choice2.result
camp_fireside_tale,1,event.camp_fireside_tale.choice1,event.camp_fireside_tale.choice1.result
camp_fireside_tale,2,event.camp_fireside_tale.choice2,event.camp_fireside_tale.choice2.result
camp_sick_animal,1,event.camp_sick_animal.choice1,event.camp_sick_animal.choice1.result
camp_sick_animal,2,event.camp_sick_animal.choice2,event.camp_sick_animal.choice2.result
camp_sick_animal,3,event.camp_sick_animal.choice3,event.camp_sick_animal.choice3.result
camp_repair_mishap,1,event.camp_repair_mishap.choice1,event.camp_repair_mishap.choice1.result
camp_repair_mishap,2,event.camp_repair_mishap.choice2,event.camp_repair_mishap.choice2.result
camp_sudden_storm,1,event.camp_sudden_storm.choice1,event.camp_sudden_storm.choice1.result
camp_sudden_storm,2,event.camp_sudden_storm.choice2,event.camp_sudden_storm.choice2.result
camp_snake_in_gear,1,event.camp_snake_in_gear.choice1,event.camp_snake_in_gear.choice1.result
camp_snake_in_gear,2,event.camp_snake_in_gear.choice2,event.camp_snake_in_gear.choice2.result
camp_snake_in_gear,3,event.camp_snake_in_gear.choice3,event.camp_snake_in_gear.choice3.result
camp_flash_flood,1,event.camp_flash_flood.choice1,event.camp_flash_flood.choice1.result
camp_flash_flood,2,event.camp_flash_flood.choice2,event.camp_flash_flood.choice2.result
camp_flash_flood,3,event.camp_flash_flood.choice3,event.camp_flash_flood.choice3.result
camp_starry_night,1,event.camp_starry_night.choice1,event.camp_starry_night.choice1.result
camp_starry_night,2,event.camp_starry_night.choice2,event.camp_starry_night.choice2.result
camp_prophetic_dream,1,event.camp_prophetic_dream.choice1,event.camp_prophetic_dream.choice1.result
camp_prophetic_dream,2,event.camp_prophetic_dream.choice2,event.camp_prophetic_dream.choice2.result
camp_ghost_lights,1,event.camp_ghost_lights.choice1,event.camp_ghost_lights.choice1.result
camp_ghost_lights,2,event.camp_ghost_lights.choice2,event.camp_ghost_lights.choice2.result
camp_passing_caravan,1,event.camp_passing_caravan.choice1,event.camp_passing_caravan.choice1.result
camp_passing_caravan,2,event.camp_passing_caravan.choice2,event.camp_passing_caravan.choice2.result
camp_passing_caravan,3,event.camp_passing_caravan.choice3,event.camp_passing_caravan.choice3.result
camp_language_sage,1,event.camp_language_sage.choice1,event.camp_language_sage.choice1.result
camp_language_sage,2,event.camp_language_sage.choice2,event.camp_language_sage.choice2.result
camp_language_sage,3,event.camp_language_sage.choice3,event.camp_language_sage.choice3.result
camp_language_sage,4,event.camp_language_sage.choice4,event.camp_language_sage.choice4.result
crisis_famine_mutiny,1,event.crisis_famine_mutiny.choice1,event.crisis_famine_mutiny.choice1.result
crisis_famine_mutiny,2,event.crisis_famine_mutiny.choice2,event.crisis_famine_mutiny.choice2.result
crisis_famine_mutiny,3,event.crisis_famine_mutiny.choice3,event.crisis_famine_mutiny.choice3.result
crisis_famine_mutiny,4,event.crisis_famine_mutiny.choice4,event.crisis_famine_mutiny.choice4.result
crisis_famine_sell,1,event.crisis_famine_sell.choice1,event.crisis_famine_sell.choice1.result
crisis_famine_sell,2,event.crisis_famine_sell.choice2,event.crisis_famine_sell.choice2.result
crisis_famine_sell,3,event.crisis_famine_sell.choice3,event.crisis_famine_sell.choice3.result
crisis_famine_sell,4,event.crisis_famine_sell.choice4,event.crisis_famine_sell.choice4.result
crisis_poverty_debt,1,event.crisis_poverty_debt.choice1,event.crisis_poverty_debt.choice1.result
crisis_poverty_debt,2,event.crisis_poverty_debt.choice2,event.crisis_poverty_debt.choice2.result
crisis_poverty_debt,3,event.crisis_poverty_debt.choice3,event.crisis_poverty_debt.choice3.result
crisis_poverty_debt,4,event.crisis_poverty_debt.choice4,event.crisis_poverty_debt.choice4.result
crisis_poverty_theft,1,event.crisis_poverty_theft.choice1,event.crisis_poverty_theft.choice1.result
crisis_poverty_theft,2,event.crisis_poverty_theft.choice2,event.crisis_poverty_theft.choice2.result
crisis_poverty_theft,3,event.crisis_poverty_theft.choice3,event.crisis_poverty_theft.choice3.result
crisis_poverty_theft,4,event.crisis_poverty_theft.choice4,event.crisis_poverty_theft.choice4.result
crisis_siege,1,event.crisis_siege.choice1,event.crisis_siege.choice1.result
crisis_siege,2,event.crisis_siege.choice2,event.crisis_siege.choice2.result
crisis_siege,3,event.crisis_siege.choice3,event.crisis_siege.choice3.result
crisis_desertion,1,event.crisis_desertion.choice1,event.crisis_desertion.choice1.result
crisis_desertion,2,event.crisis_desertion.choice2,event.crisis_desertion.choice2.result
crisis_desertion,3,event.crisis_desertion.choice3,event.crisis_desertion.choice3.result
crisis_desertion,4,event.crisis_desertion.choice4,event.crisis_desertion.choice4.result
crisis_unrest,1,event.crisis_unrest.choice1,event.crisis_unrest.choice1.result
crisis_unrest,2,event.crisis_unrest.choice2,event.crisis_unrest.choice2.result
crisis_unrest,3,event.crisis_unrest.choice3,event.crisis_unrest.choice3.result
crisis_unrest,4,event.crisis_unrest.choice4,event.crisis_unrest.choice4.result
crisis_mutiny,1,event.crisis_mutiny.choice1,event.crisis_mutiny.choice1.result
crisis_mutiny,2,event.crisis_mutiny.choice2,event.crisis_mutiny.choice2.result
crisis_mutiny,3,event.crisis_mutiny.choice3,event.crisis_mutiny.choice3.result
crisis_mutiny,4,event.crisis_mutiny.choice4,event.crisis_mutiny.choice4.result
crisis_cart_collapse,1,event.crisis_cart_collapse.choice1,event.crisis_cart_collapse.choice1.result
crisis_cart_collapse,2,event.crisis_cart_collapse.choice2,event.crisis_cart_collapse.choice2.result
crisis_cart_collapse,3,event.crisis_cart_collapse.choice3,event.crisis_cart_collapse.choice3.result
crisis_cart_emergency,1,event.crisis_cart_emergency.choice1,event.crisis_cart_emergency.choice1.result
crisis_cart_emergency,2,event.crisis_cart_emergency.choice2,event.crisis_cart_emergency.choice2.result
crisis_cart_emergency,3,event.crisis_cart_emergency.choice3,event.crisis_cart_emergency.choice3.result
crisis_pariah,1,event.crisis_pariah.choice1,event.crisis_pariah.choice1.result
crisis_pariah,2,event.crisis_pariah.choice2,event.crisis_pariah.choice2.result
crisis_pariah,3,event.crisis_pariah.choice3,event.crisis_pariah.choice3.result
crisis_hostile_locals,1,event.crisis_hostile_locals.choice1,event.crisis_hostile_locals.choice1.result
crisis_hostile_locals,2,event.crisis_hostile_locals.choice2,event.crisis_hostile_locals.choice2.result
crisis_hostile_locals,3,event.crisis_hostile_locals.choice3,event.crisis_hostile_locals.choice3.result
silk_for_passage,1,event.silk_for_passage.choice1,event.silk_for_passage.choice1.result
silk_for_passage,2,event.silk_for_passage.choice2,event.silk_for_passage.choice2.result
silk_for_passage,3,event.silk_for_passage.choice3,event.silk_for_passage.choice3.result
tea_for_hermit,1,event.tea_for_hermit.choice1,event.tea_for_hermit.choice1.result
tea_for_hermit,2,event.tea_for_hermit.choice2,event.tea_for_hermit.choice2.result
tea_for_hermit,3,event.tea_for_hermit.choice3,event.tea_for_hermit.choice3.result
incense_offering,1,event.incense_offering.choice1,event.incense_offering.choice1.result
incense_offering,2,event.incense_offering.choice2,event.incense_offering.choice2.result
incense_offering,3,event.incense_offering.choice3,event.incense_offering.choice3.result
customs_check,1,event.customs_check.choice1,event.customs_check.choice1.result
customs_check,2,event.customs_check.choice2,event.customs_check.choice2.result
customs_check,3,event.customs_check.choice3,event.customs_check.choice3.result
fake_silk,1,event.fake_silk.choice1,event.fake_silk.choice1.result
fake_silk,2,event.fake_silk.choice2,event.fake_silk.choice2.result
fake_silk,3,event.fake_silk.choice3,event.fake_silk.choice3.result
roadside_bundle,1,event.roadside_bundle.choice1,event.roadside_bundle.choice1.result
roadside_bundle,2,event.roadside_bundle.choice2,event.roadside_bundle.choice2.result
roadside_bundle,3,event.roadside_bundle.choice3,event.roadside_bundle.choice3.result
caravan_exchange,1,event.caravan_exchange.choice1,event.caravan_exchange.choice1.result
caravan_exchange,2,event.caravan_exchange.choice2,event.caravan_exchange.choice2.result
caravan_exchange,3,event.caravan_exchange.choice3,event.caravan_exchange.choice3.result
jade_cave,1,event.jade_cave.choice1,event.jade_cave.choice1.result
jade_cave,2,event.jade_cave.choice2,event.jade_cave.choice2.result
jade_cave,3,event.jade_cave.choice3,event.jade_cave.choice3.result
village_festival,1,event.village_festival.choice1,event.village_festival.choice1.result
village_festival,2,event.village_festival.choice2,event.village_festival.choice2.result
village_festival,3,event.village_festival.choice3,event.village_festival.choice3.result
bird_omen,1,event.bird_omen.choice1,event.bird_omen.choice1.result
bird_omen,2,event.bird_omen.choice2,event.bird_omen.choice2.result
old_coin,1,event.old_coin.choice1,event.old_coin.choice1.result
old_coin,2,event.old_coin.choice2,event.old_coin.choice2.result
sunset_vista,1,event.sunset_vista.choice1,event.sunset_vista.choice1.result
sunset_vista,2,event.sunset_vista.choice2,event.sunset_vista.choice2.result
scholar_encounter,1,event.scholar_encounter.choice1,event.scholar_encounter.choice1.result
scholar_encounter,2,event.scholar_encounter.choice2,event.scholar_encounter.choice2.result
scholar_encounter,3,event.scholar_encounter.choice3,event.scholar_encounter.choice3.result
lost_child,1,event.lost_child.choice1,event.lost_child.choice1.result
lost_child,2,event.lost_child.choice2,event.lost_child.choice2.result
lost_child,3,event.lost_child.choice3,event.lost_child.choice3.result
pilgrim_group,1,event.pilgrim_group.choice1,event.pilgrim_group.choice1.result
pilgrim_group,2,event.pilgrim_group.choice2,event.pilgrim_group.choice2.result
pilgrim_group,3,event.pilgrim_group.choice3,event.pilgrim_group.choice3.result
camp_plains_hunt,1,event.camp_plains_hunt.choice1,event.camp_plains_hunt.choice1.result
camp_plains_hunt,2,event.camp_plains_hunt.choice2,event.camp_plains_hunt.choice2.result
camp_plains_hunt,3,event.camp_plains_hunt.choice3,event.camp_plains_hunt.choice3.result
camp_plains_campfire,1,event.camp_plains_campfire.choice1,event.camp_plains_campfire.choice1.result
camp_plains_campfire,2,event.camp_plains_campfire.choice2,event.camp_plains_campfire.choice2.result
camp_plains_campfire,3,event.camp_plains_campfire.choice3,event.camp_plains_campfire.choice3.result
camp_plains_repair,1,event.camp_plains_repair.choice1,event.camp_plains_repair.choice1.result
camp_plains_repair,2,event.camp_plains_repair.choice2,event.camp_plains_repair.choice2.result
camp_plains_repair,3,event.camp_plains_repair.choice3,event.camp_plains_repair.choice3.result
camp_desert_water,1,event.camp_desert_water.choice1,event.camp_desert_water.choice1.result
camp_desert_water,2,event.camp_desert_water.choice2,event.camp_desert_water.choice2.result
camp_desert_water,3,event.camp_desert_water.choice3,event.camp_desert_water.choice3.result
camp_desert_scorpion,1,event.camp_desert_scorpion.choice1,event.camp_desert_scorpion.choice1.result
camp_desert_scorpion,2,event.camp_desert_scorpion.choice2,event.camp_desert_scorpion.choice2.result
camp_desert_scorpion,3,event.camp_desert_scorpion.choice3,event.camp_desert_scorpion.choice3.result
camp_desert_starmap,1,event.camp_desert_starmap.choice1,event.camp_desert_starmap.choice1.result
camp_desert_starmap,2,event.camp_desert_starmap.choice2,event.camp_desert_starmap.choice2.result
camp_desert_starmap,3,event.camp_desert_starmap.choice3,event.camp_desert_starmap.choice3.result
camp_highland_herbs,1,event.camp_highland_herbs.choice1,event.camp_highland_herbs.choice1.result
camp_highland_herbs,2,event.camp_highland_herbs.choice2,event.camp_highland_herbs.choice2.result
camp_highland_herbs,3,event.camp_highland_herbs.choice3,event.camp_highland_herbs.choice3.result
camp_highland_hotspring,1,event.camp_highland_hotspring.choice1,event.camp_highland_hotspring.choice1.result
camp_highland_hotspring,2,event.camp_highland_hotspring.choice2,event.camp_highland_hotspring.choice2.result
camp_highland_hotspring,3,event.camp_highland_hotspring.choice3,event.camp_highland_hotspring.choice3.result
camp_highland_avalanche,1,event.camp_highland_avalanche.choice1,event.camp_highland_avalanche.choice1.result
camp_highland_avalanche,2,event.camp_highland_avalanche.choice2,event.camp_highland_avalanche.choice2.result
camp_highland_avalanche,3,event.camp_highland_avalanche.choice3,event.camp_highland_avalanche.choice3.result
mystical_desert_djinn,1,event.mystical_desert_djinn.choice1,event.mystical_desert_djinn.choice1.result
mystical_desert_djinn,2,event.mystical_desert_djinn.choice2,event.mystical_desert_djinn.choice2.result
mystical_desert_djinn,3,event.mystical_desert_djinn.choice3,event.mystical_desert_djinn.choice3.result
mystical_highland_spirit,1,event.mystical_highland_spirit.choice1,event.mystical_highland_spirit.choice1.result
mystical_highland_spirit,2,event.mystical_highland_spirit.choice2,event.mystical_highland_spirit.choice2.result
mystical_highland_spirit,3,event.mystical_highland_spirit.choice3,event.mystical_highland_spirit.choice3.result
mystical_plains_prophecy,1,event.mystical_plains_prophecy.choice1,event.mystical_plains_prophecy.choice1.result
mystical_plains_prophecy,2,event.mystical_plains_prophecy.choice2,event.mystical_plains_prophecy.choice2.result
mystical_plains_prophecy,3,event.mystical_plains_prophecy.choice3,event.mystical_plains_prophecy.choice3.result
mystical_universal_omen,1,event.mystical_universal_omen.choice1,event.mystical_universal_omen.choice1.result
mystical_universal_omen,2,event.mystical_universal_omen.choice2,event.mystical_universal_omen.choice2.result
mystical_universal_omen,3,event.mystical_universal_omen.choice3,event.mystical_universal_omen.choice3.result
disaster_plains_flood,1,event.disaster_plains_flood.choice1,event.disaster_plains_flood.choice1.result
disaster_plains_flood,2,event.disaster_plains_flood.choice2,event.disaster_plains_flood.choice2.result
disaster_plains_flood,3,event.disaster_plains_flood.choice3,event.disaster_plains_flood.choice3.result
disaster_desert_sandstorm,1,event.disaster_desert_sandstorm.choice1,event.disaster_desert_sandstorm.choice1.result
disaster_desert_sandstorm,2,event.disaster_desert_sandstorm.choice2,event.disaster_desert_sandstorm.choice2.result
disaster_desert_sandstorm,3,event.disaster_desert_sandstorm.choice3,event.disaster_desert_sandstorm.choice3.result
disaster_highland_earthquake,1,event.disaster_highland_earthquake.choice1,event.disaster_highland_earthquake.choice1.result
disaster_highland_earthquake,2,event.disaster_highland_earthquake.choice2,event.disaster_highland_earthquake.choice2.result
disaster_highland_earthquake,3,event.disaster_highland_earthquake.choice3,event.disaster_highland_earthquake.choice3.result
disaster_universal_lightning,1,event.disaster_universal_lightning.choice1,event.disaster_universal_lightning.choice1.result
disaster_universal_lightning,2,event.disaster_universal_lightning.choice2,event.disaster_universal_lightning.choice2.result
disaster_universal_lightning,3,event.disaster_universal_lightning.choice3,event.disaster_universal_lightning.choice3.result
combat_desert_ambush,1,event.combat_desert_ambush.choice1,event.combat_desert_ambush.choice1.result
combat_desert_ambush,2,event.combat_desert_ambush.choice2,event.combat_desert_ambush.choice2.result
combat_desert_ambush,3,event.combat_desert_ambush.choice3,event.combat_desert_ambush.choice3.result
combat_highland_wolves,1,event.combat_highland_wolves.choice1,event.combat_highland_wolves.choice1.result
combat_highland_wolves,2,event.combat_highland_wolves.choice2,event.combat_highland_wolves.choice2.result
combat_highland_wolves,3,event.combat_highland_wolves.choice3,event.combat_highland_wolves.choice3.result
nav_desert_crossroads,1,event.nav_desert_crossroads.choice1,event.nav_desert_crossroads.choice1.result
nav_desert_crossroads,2,event.nav_desert_crossroads.choice2,event.nav_desert_crossroads.choice2.result
nav_desert_crossroads,3,event.nav_desert_crossroads.choice3,event.nav_desert_crossroads.choice3.result
nav_highland_pass,1,event.nav_highland_pass.choice1,event.nav_highland_pass.choice1.result
nav_highland_pass,2,event.nav_highland_pass.choice2,event.nav_highland_pass.choice2.result
nav_highland_pass,3,event.nav_highland_pass.choice3,event.nav_highland_pass.choice3.result
lang_plains_sogdian_merchant,1,event.lang_plains_sogdian_merchant.choice1,event.lang_plains_sogdian_merchant.choice1.result
lang_plains_sogdian_merchant,2,event.lang_plains_sogdian_merchant.choice2,event.lang_plains_sogdian_merchant.choice2.result
lang_plains_sogdian_merchant,3,event.lang_plains_sogdian_merchant.choice3,event.lang_plains_sogdian_merchant.choice3.result
lang_desert_arabic_warning,1,event.lang_desert_arabic_warning.choice1,event.lang_desert_arabic_warning.choice1.result
lang_desert_arabic_warning,2,event.lang_desert_arabic_warning.choice2,event.lang_desert_arabic_warning.choice2.result
lang_desert_arabic_warning,3,event.lang_desert_arabic_warning.choice3,event.lang_desert_arabic_warning.choice3.result
lang_highland_tibetan_monk,1,event.lang_highland_tibetan_monk.choice1,event.lang_highland_tibetan_monk.choice1.result
lang_highland_tibetan_monk,2,event.lang_highland_tibetan_monk.choice2,event.lang_highland_tibetan_monk.choice2.result
lang_highland_tibetan_monk,3,event.lang_highland_tibetan_monk.choice3,event.lang_highland_tibetan_monk.choice3.result
lang_universal_persian_scholar,1,event.lang_universal_persian_scholar.choice1,event.lang_universal_persian_scholar.choice1.result
lang_universal_persian_scholar,2,event.lang_universal_persian_scholar.choice2,event.lang_universal_persian_scholar.choice2.result
lang_universal_persian_scholar,3,event.lang_universal_persian_scholar.choice3,event.lang_universal_persian_scholar.choice3.result
mystery_desert_tomb,1,event.mystery_desert_tomb.choice1,event.mystery_desert_tomb.choice1.result
mystery_desert_tomb,2,event.mystery_desert_tomb.choice2,event.mystery_desert_tomb.choice2.result
mystery_desert_tomb,3,event.mystery_desert_tomb.choice3,event.mystery_desert_tomb.choice3.result
mystery_highland_inscription,1,event.mystery_highland_inscription.choice1,event.mystery_highland_inscription.choice1.result
mystery_highland_inscription,2,event.mystery_highland_inscription.choice2,event.mystery_highland_inscription.choice2.result
mystery_highland_inscription,3,event.mystery_highland_inscription.choice3,event.mystery_highland_inscription.choice3.result
discovery_plains_caravan,1,event.discovery_plains_caravan.choice1,event.discovery_plains_caravan.choice1.result
discovery_plains_caravan,2,event.discovery_plains_caravan.choice2,event.discovery_plains_caravan.choice2.result
discovery_plains_caravan,3,event.discovery_plains_caravan.choice3,event.discovery_plains_caravan.choice3.result
discovery_universal_cache,1,event.discovery_universal_cache.choice1,event.discovery_universal_cache.choice1.result
discovery_universal_cache,2,event.discovery_universal_cache.choice2,event.discovery_universal_cache.choice2.result
discovery_universal_cache,3,event.discovery_universal_cache.choice3,event.discovery_universal_cache.choice3.result
plains_chinese_official,1,event.plains_chinese_official.choice1,event.plains_chinese_official.choice1.result
plains_chinese_official,2,event.plains_chinese_official.choice2,event.plains_chinese_official.choice2.result
plains_chinese_official,3,event.plains_chinese_official.choice3,event.plains_chinese_official.choice3.result
plains_horse_fair,1,event.plains_horse_fair.choice1,event.plains_horse_fair.choice1.result
plains_horse_fair,2,event.plains_horse_fair.choice2,event.plains_horse_fair.choice2.result
plains_horse_fair,3,event.plains_horse_fair.choice3,event.plains_horse_fair.choice3.result
plains_wounded_guard,1,event.plains_wounded_guard.choice1,event.plains_wounded_guard.choice1.result
plains_wounded_guard,2,event.plains_wounded_guard.choice2,event.plains_wounded_guard.choice2.result
plains_wounded_guard,3,event.plains_wounded_guard.choice3,event.plains_wounded_guard.choice3.result
plains_river_crossing,1,event.plains_river_crossing.choice1,event.plains_river_crossing.choice1.result
plains_river_crossing,2,event.plains_river_crossing.choice2,event.plains_river_crossing.choice2.result
plains_river_crossing,3,event.plains_river_crossing.choice3,event.plains_river_crossing.choice3.result
desert_spice_trader,1,event.desert_spice_trader.choice1,event.desert_spice_trader.choice1.result
desert_spice_trader,2,event.desert_spice_trader.choice2,event.desert_spice_trader.choice2.result
desert_spice_trader,3,event.desert_spice_trader.choice3,event.desert_spice_trader.choice3.result
desert_lost_pilgrim,1,event.desert_lost_pilgrim.choice1,event.desert_lost_pilgrim.choice1.result
desert_lost_pilgrim,2,event.desert_lost_pilgrim.choice2,event.desert_lost_pilgrim.choice2.result
desert_lost_pilgrim,3,event.desert_lost_pilgrim.choice3,event.desert_lost_pilgrim.choice3.result
desert_caravan_guard,1,event.desert_caravan_guard.choice1,event.desert_caravan_guard.choice1.result
desert_caravan_guard,2,event.desert_caravan_guard.choice2,event.desert_caravan_guard.choice2.result
desert_caravan_guard,3,event.desert_caravan_guard.choice3,event.desert_caravan_guard.choice3.result
desert_quicksand,1,event.desert_quicksand.choice1,event.desert_quicksand.choice1.result
desert_quicksand,2,event.desert_quicksand.choice2,event.desert_quicksand.choice2.result
desert_quicksand,3,event.desert_quicksand.choice3,event.desert_quicksand.choice3.result
highland_tea_merchant,1,event.highland_tea_merchant.choice1,event.highland_tea_merchant.choice1.result
highland_tea_merchant,2,event.highland_tea_merchant.choice2,event.highland_tea_merchant.choice2.result
highland_tea_merchant,3,event.highland_tea_merchant.choice3,event.highland_tea_merchant.choice3.result
highland_greek_traveler,1,event.highland_greek_traveler.choice1,event.highland_greek_traveler.choice1.result
highland_greek_traveler,2,event.highland_greek_traveler.choice2,event.highland_greek_traveler.choice2.result
highland_greek_traveler,3,event.highland_greek_traveler.choice3,event.highland_greek_traveler.choice3.result
highland_sherpa_guide,1,event.highland_sherpa_guide.choice1,event.highland_sherpa_guide.choice1.result
highland_sherpa_guide,2,event.highland_sherpa_guide.choice2,event.highland_sherpa_guide.choice2.result
highland_sherpa_guide,3,event.highland_sherpa_guide.choice3,event.highland_sherpa_guide.choice3.result
highland_rockfall,1,event.highland_rockfall.choice1,event.highland_rockfall.choice1.result
highland_rockfall,2,event.highland_rockfall.choice2,event.highland_rockfall.choice2.result
highland_rockfall,3,event.highland_rockfall.choice3,event.highland_rockfall.choice3.result
universal_caravan_race,1,event.universal_caravan_race.choice1,event.universal_caravan_race.choice1.result
universal_caravan_race,2,event.universal_caravan_race.choice2,event.universal_caravan_race.choice2.result
universal_caravan_race,3,event.universal_caravan_race.choice3,event.universal_caravan_race.choice3.result
universal_sick_animal,1,event.universal_sick_animal.choice1,event.universal_sick_animal.choice1.result
universal_sick_animal,2,event.universal_sick_animal.choice2,event.universal_sick_animal.choice2.result
universal_sick_animal,3,event.universal_sick_animal.choice3,event.universal_sick_animal.choice3.result
universal_map_seller,1,event.universal_map_seller.choice1,event.universal_map_seller.choice1.result
universal_map_seller,2,event.universal_map_seller.choice2,event.universal_map_seller.choice2.result
universal_map_seller,3,event.universal_map_seller.choice3,event.universal_map_seller.choice3.result
universal_tax_collector,1,event.universal_tax_collector.choice1,event.universal_tax_collector.choice1.result
universal_tax_collector,2,event.universal_tax_collector.choice2,event.universal_tax_collector.choice2.result
universal_tax_collector,3,event.universal_tax_collector.choice3,event.universal_tax_collector.choice3.result
crisis_famine_caravan,1,event.crisis_famine_caravan.choice1,event.crisis_famine_caravan.choice1.result
crisis_famine_caravan,2,event.crisis_famine_caravan.choice2,event.crisis_famine_caravan.choice2.result
crisis_famine_caravan,3,event.crisis_famine_caravan.choice3,event.crisis_famine_caravan.choice3.result
crisis_famine_caravan,4,event.crisis_famine_caravan.choice4,event.crisis_famine_caravan.choice4.result
crisis_mutiny_porters,1,event.crisis_mutiny_porters.choice1,event.crisis_mutiny_porters.choice1.result
crisis_mutiny_porters,2,event.crisis_mutiny_porters.choice2,event.crisis_mutiny_porters.choice2.result
crisis_mutiny_porters,3,event.crisis_mutiny_porters.choice3,event.crisis_mutiny_porters.choice3.result
crisis_mutiny_porters,4,event.crisis_mutiny_porters.choice4,event.crisis_mutiny_porters.choice4.result
crisis_plague_rumor,1,event.crisis_plague_rumor.choice1,event.crisis_plague_rumor.choice1.result
crisis_plague_rumor,2,event.crisis_plague_rumor.choice2,event.crisis_plague_rumor.choice2.result
crisis_plague_rumor,3,event.crisis_plague_rumor.choice3,event.crisis_plague_rumor.choice3.result
crisis_debt_trap,1,event.crisis_debt_trap.choice1,event.crisis_debt_trap.choice1.result
crisis_debt_trap,2,event.crisis_debt_trap.choice2,event.crisis_debt_trap.choice2.result
crisis_debt_trap,3,event.crisis_debt_trap.choice3,event.crisis_debt_trap.choice3.result
crisis_debt_trap,4,event.crisis_debt_trap.choice4,event.crisis_debt_trap.choice4.result
city_bazaar_scam,1,event.city_bazaar_scam.choice1,event.city_bazaar_scam.choice1.result
city_bazaar_scam,2,event.city_bazaar_scam.choice2,event.city_bazaar_scam.choice2.result
city_bazaar_scam,3,event.city_bazaar_scam.choice3,event.city_bazaar_scam.choice3.result
city_caravanserai_tale,1,event.city_caravanserai_tale.choice1,event.city_caravanserai_tale.choice1.result
city_caravanserai_tale,2,event.city_caravanserai_tale.choice2,event.city_caravanserai_tale.choice2.result
city_caravanserai_tale,3,event.city_caravanserai_tale.choice3,event.city_caravanserai_tale.choice3.result
city_palace_audience,1,event.city_palace_audience.choice1,event.city_palace_audience.choice1.result
city_palace_audience,2,event.city_palace_audience.choice2,event.city_palace_audience.choice2.result
city_palace_audience,3,event.city_palace_audience.choice3,event.city_palace_audience.choice3.result
city_port_smuggler,1,event.city_port_smuggler.choice1,event.city_port_smuggler.choice1.result
city_port_smuggler,2,event.city_port_smuggler.choice2,event.city_port_smuggler.choice2.result
city_port_smuggler,3,event.city_port_smuggler.choice3,event.city_port_smuggler.choice3.result
quest_empire_start,1,event.quest_empire_start.choice1,event.quest_empire_start.choice1.result
quest_empire_start,2,event.quest_empire_start.choice2,event.quest_empire_start.choice2.result
quest_empire_start,3,event.quest_empire_start.choice3,event.quest_empire_start.choice3.result
quest_mystic_start,1,event.quest_mystic_start.choice1,event.quest_mystic_start.choice1.result
quest_mystic_start,2,event.quest_mystic_start.choice2,event.quest_mystic_start.choice2.result
quest_mystic_start,3,event.quest_mystic_start.choice3,event.quest_mystic_start.choice3.result
quest_caravan_start,1,event.quest_caravan_start.choice1,event.quest_caravan_start.choice1.result
quest_caravan_start,2,event.quest_caravan_start.choice2,event.quest_caravan_start.choice2.result
quest_caravan_start,3,event.quest_caravan_start.choice3,event.quest_caravan_start.choice3.result
quest_silk_start,1,event.quest_silk_start.choice1,event.quest_silk_start.choice1.result
quest_silk_start,2,event.quest_silk_start.choice2,event.quest_silk_start.choice2.result
quest_silk_start,3,event.quest_silk_start.choice3,event.quest_silk_start.choice3.result
road_pamir_caravan,1,event.road_pamir_caravan.choice1,event.road_pamir_caravan.choice1.result
road_pamir_caravan,2,event.road_pamir_caravan.choice2,event.road_pamir_caravan.choice2.result
road_pamir_caravan,3,event.road_pamir_caravan.choice3,event.road_pamir_caravan.choice3.result
road_taklamakan_well,1,event.road_taklamakan_well.choice1,event.road_taklamakan_well.choice1.result
road_taklamakan_well,2,event.road_taklamakan_well.choice2,event.road_taklamakan_well.choice2.result
road_taklamakan_well,3,event.road_taklamakan_well.choice3,event.road_taklamakan_well.choice3.result
road_gansu_patrol,1,event.road_gansu_patrol.choice1,event.road_gansu_patrol.choice1.result
road_gansu_patrol,2,event.road_gansu_patrol.choice2,event.road_gansu_patrol.choice2.result
road_gansu_patrol,3,event.road_gansu_patrol.choice3,event.road_gansu_patrol.choice3.result
road_levant_pirates,1,event.road_levant_pirates.choice1,event.road_levant_pirates.choice1.result
road_levant_pirates,2,event.road_levant_pirates.choice2,event.road_levant_pirates.choice2.result
road_levant_pirates,3,event.road_levant_pirates.choice3,event.road_levant_pirates.choice3.result
npc_encounter_1,1,event.npc_encounter.trade,event.npc_encounter.trade_result
npc_encounter_1,2,event.npc_encounter.pass,event.npc_encounter.pass_result
npc_encounter_2,1,event.npc_encounter.trade,event.npc_encounter.trade_result
npc_encounter_2,2,event.npc_encounter.pass,event.npc_encounter.pass_result
npc_encounter_3,1,event.npc_encounter.trade,event.npc_encounter.trade_result
npc_encounter_3,2,event.npc_encounter.pass,event.npc_encounter.pass_result
template_discovery_0,1,template.discovery.0.choice1,template.discovery.0.choice1.result
template_discovery_0,2,template.discovery.0.choice2,template.discovery.0.choice2.result
template_discovery_1,1,template.discovery.1.choice1,template.discovery.1.choice1.result
template_discovery_1,2,template.discovery.1.choice2,template.discovery.1.choice2.result
template_discovery_2,1,template.discovery.2.choice1,template.discovery.2.choice1.result
template_discovery_2,2,template.discovery.2.choice2,template.discovery.2.choice2.result
template_encounter_0,1,template.encounter.0.choice1,template.encounter.0.choice1.result
template_encounter_0,2,template.encounter.0.choice2,template.encounter.0.choice2.result
template_encounter_1,1,template.encounter.1.choice1,template.encounter.1.choice1.result
template_encounter_1,2,template.encounter.1.choice2,template.encounter.1.choice2.result
template_encounter_2,1,template.encounter.2.choice1,template.encounter.2.choice1.result
template_encounter_2,2,template.encounter.2.choice2,template.encounter.2.choice2.result
template_quest_0,1,template.quest.0.choice1,template.quest.0.choice1.result
template_quest_0,2,template.quest.0.choice2,template.quest.0.choice2.result
template_quest_1,1,template.quest.1.choice1,template.quest.1.choice1.result
template_quest_1,2,template.quest.1.choice2,template.quest.1.choice2.result
template_quest_2,1,template.quest.2.choice1,template.quest.2.choice1.result
template_quest_2,2,template.quest.2.choice2,template.quest.2.choice2.result
event_empire1_complete,1,event.event_empire1_complete.choice1,event.event_empire1_complete.choice1.result
event_mystic1_complete,1,event.event_mystic1_complete.choice1,event.event_mystic1_complete.choice1.result
event_caravaneer1_complete,1,event.event_caravaneer1_complete.choice1,event.event_caravaneer1_complete.choice1.result
event_silk1_complete,1,event.event_silk1_complete.choice1,event.event_silk1_complete.choice1.result
event_artifact1_decipher,1,event.event_artifact1_decipher.choice1,event.event_artifact1_decipher.choice1.result
event_artifact1_complete,1,event.event_artifact1_complete.choice1,event.event_artifact1_complete.choice1.result
camp_plains_snare,1,event.camp_plains_snare.choice1,event.camp_plains_snare.choice1.result
camp_plains_snare,2,event.camp_plains_snare.choice2,event.camp_plains_snare.choice2.result
camp_plains_snare,3,event.camp_plains_snare.choice3,event.camp_plains_snare.choice3.result
camp_plains_berries,1,event.camp_plains_berries.choice1,event.camp_plains_berries.choice1.result
camp_plains_berries,2,event.camp_plains_berries.choice2,event.camp_plains_berries.choice2.result
camp_plains_berries,3,event.camp_plains_berries.choice3,event.camp_plains_berries.choice3.result
camp_plains_shepherd_trade,1,event.camp_plains_shepherd_trade.choice1,event.camp_plains_shepherd_trade.choice1.result
camp_plains_shepherd_trade,2,event.camp_plains_shepherd_trade.choice2,event.camp_plains_shepherd_trade.choice2.result
camp_plains_shepherd_trade,3,event.camp_plains_shepherd_trade.choice3,event.camp_plains_shepherd_trade.choice3.result
camp_desert_dates,1,event.camp_desert_dates.choice1,event.camp_desert_dates.choice1.result
camp_desert_dates,2,event.camp_desert_dates.choice2,event.camp_desert_dates.choice2.result
camp_desert_dates,3,event.camp_desert_dates.choice3,event.camp_desert_dates.choice3.result
camp_desert_fox,1,event.camp_desert_fox.choice1,event.camp_desert_fox.choice1.result
camp_desert_fox,2,event.camp_desert_fox.choice2,event.camp_desert_fox.choice2.result
camp_desert_fox,3,event.camp_desert_fox.choice3,event.camp_desert_fox.choice3.result
camp_desert_old_tracks,1,event.camp_desert_old_tracks.choice1,event.camp_desert_old_tracks.choice1.result
camp_desert_old_tracks,2,event.camp_desert_old_tracks.choice2,event.camp_desert_old_tracks.choice2.result
camp_desert_old_tracks,3,event.camp_desert_old_tracks.choice3,event.camp_desert_old_tracks.choice3.result
camp_highland_pine,1,event.camp_highland_pine.choice1,event.camp_highland_pine.choice1.result
camp_highland_pine,2,event.camp_highland_pine.choice2,event.camp_highland_pine.choice2.result
camp_highland_pine,3,event.camp_highland_pine.choice3,event.camp_highland_pine.choice3.result
camp_highland_goat,1,event.camp_highland_goat.choice1,event.camp_highland_goat.choice1.result
camp_highland_goat,2,event.camp_highland_goat.choice2,event.camp_highland_goat.choice2.result
camp_highland_goat,3,event.camp_highland_goat.choice3,event.camp_highland_goat.choice3.result
camp_highland_ice_spring,1,event.camp_highland_ice_spring.choice1,event.camp_highland_ice_spring.choice1.result
camp_highland_ice_spring,2,event.camp_highland_ice_spring.choice2,event.camp_highland_ice_spring.choice2.result
camp_highland_ice_spring,3,event.camp_highland_ice_spring.choice3,event.camp_highland_ice_spring.choice3.result
camp_plains_yurt,1,event.camp_plains_yurt.choice1,event.camp_plains_yurt.choice1.result
camp_plains_yurt,2,event.camp_plains_yurt.choice2,event.camp_plains_yurt.choice2.result
camp_plains_yurt,3,event.camp_plains_yurt.choice3,event.camp_plains_yurt.choice3.result
camp_plains_shepherd_song,1,event.camp_plains_shepherd_song.choice1,event.camp_plains_shepherd_song.choice1.result
camp_plains_shepherd_song,2,event.camp_plains_shepherd_song.choice2,event.camp_plains_shepherd_song.choice2.result
camp_plains_shepherd_song,3,event.camp_plains_shepherd_song.choice3,event.camp_plains_shepherd_song.choice3.result
camp_plains_night_rain,1,event.camp_plains_night_rain.choice1,event.camp_plains_night_rain.choice1.result
camp_plains_night_rain,2,event.camp_plains_night_rain.choice2,event.camp_plains_night_rain.choice2.result
camp_plains_night_rain,3,event.camp_plains_night_rain.choice3,event.camp_plains_night_rain.choice3.result
camp_desert_cool_night,1,event.camp_desert_cool_night.choice1,event.camp_desert_cool_night.choice1.result
camp_desert_cool_night,2,event.camp_desert_cool_night.choice2,event.camp_desert_cool_night.choice2.result
camp_desert_cool_night,3,event.camp_desert_cool_night.choice3,event.camp_desert_cool_night.choice3.result
camp_desert_star_prayer,1,event.camp_desert_star_prayer.choice1,event.camp_desert_star_prayer.choice1.result
camp_desert_star_prayer,2,event.camp_desert_star_prayer.choice2,event.camp_desert_star_prayer.choice2.result
camp_desert_star_prayer,3,event.camp_desert_star_prayer.choice3,event.camp_desert_star_prayer.choice3.result
camp_desert_old_legend,1,event.camp_desert_old_legend.choice1,event.camp_desert_old_legend.choice1.result
camp_desert_old_legend,2,event.camp_desert_old_legend.choice2,event.camp_desert_old_legend.choice2.result
camp_desert_old_legend,3,event.camp_desert_old_legend.choice3,event.camp_desert_old_legend.choice3.result
camp_highland_tea,1,event.camp_highland_tea.choice1,event.camp_highland_tea.choice1.result
camp_highland_tea,2,event.camp_highland_tea.choice2,event.camp_highland_tea.choice2.result
camp_highland_tea,3,event.camp_highland_tea.choice3,event.camp_highland_tea.choice3.result
camp_highland_meditation,1,event.camp_highland_meditation.choice1,event.camp_highland_meditation.choice1.result
camp_highland_meditation,2,event.camp_highland_meditation.choice2,event.camp_highland_meditation.choice2.result
camp_highland_meditation,3,event.camp_highland_meditation.choice3,event.camp_highland_meditation.choice3.result
camp_highland_blizzard_wait,1,event.camp_highland_blizzard_wait.choice1,event.camp_highland_blizzard_wait.choice1.result
camp_highland_blizzard_wait,2,event.camp_highland_blizzard_wait.choice2,event.camp_highland_blizzard_wait.choice2.result
camp_highland_blizzard_wait,3,event.camp_highland_blizzard_wait.choice3,event.camp_highland_blizzard_wait.choice3.result
camp_plains_axle,1,event.camp_plains_axle.choice1,event.camp_plains_axle.choice1.result
camp_plains_axle,2,event.camp_plains_axle.choice2,event.camp_plains_axle.choice2.result
camp_plains_axle,3,event.camp_plains_axle.choice3,event.camp_plains_axle.choice3.result
camp_plains_harness,1,event.camp_plains_harness.choice1,event.camp_plains_harness.choice1.result
camp_plains_harness,2,event.camp_plains_harness.choice2,event.camp_plains_harness.choice2.result
camp_plains_harness,3,event.camp_plains_harness.choice3,event.camp_plains_harness.choice3.result
camp_plains_wheel_grease,1,event.camp_plains_wheel_grease.choice1,event.camp_plains_wheel_grease.choice1.result
camp_plains_wheel_grease,2,event.camp_plains_wheel_grease.choice2,event.camp_plains_wheel_grease.choice2.result
camp_plains_wheel_grease,3,event.camp_plains_wheel_grease.choice3,event.camp_plains_wheel_grease.choice3.result
camp_desert_barrels,1,event.camp_desert_barrels.choice1,event.camp_desert_barrels.choice1.result
camp_desert_barrels,2,event.camp_desert_barrels.choice2,event.camp_desert_barrels.choice2.result
camp_desert_barrels,3,event.camp_desert_barrels.choice3,event.camp_desert_barrels.choice3.result
camp_desert_tarp,1,event.camp_desert_tarp.choice1,event.camp_desert_tarp.choice1.result
camp_desert_tarp,2,event.camp_desert_tarp.choice2,event.camp_desert_tarp.choice2.result
camp_desert_tarp,3,event.camp_desert_tarp.choice3,event.camp_desert_tarp.choice3.result
camp_desert_sand_clear,1,event.camp_desert_sand_clear.choice1,event.camp_desert_sand_clear.choice1.result
camp_desert_sand_clear,2,event.camp_desert_sand_clear.choice2,event.camp_desert_sand_clear.choice2.result
camp_desert_sand_clear,3,event.camp_desert_sand_clear.choice3,event.camp_desert_sand_clear.choice3.result
camp_highland_horseshoes,1,event.camp_highland_horseshoes.choice1,event.camp_highland_horseshoes.choice1.result
camp_highland_horseshoes,2,event.camp_highland_horseshoes.choice2,event.camp_highland_horseshoes.choice2.result
camp_highland_horseshoes,3,event.camp_highland_horseshoes.choice3,event.camp_highland_horseshoes.choice3.result
camp_highland_ropes,1,event.camp_highland_ropes.choice1,event.camp_highland_ropes.choice1.result
camp_highland_ropes,2,event.camp_highland_ropes.choice2,event.camp_highland_ropes.choice2.result
camp_highland_ropes,3,event.camp_highland_ropes.choice3,event.camp_highland_ropes.choice3.result
camp_highland_snow_repair,1,event.camp_highland_snow_repair.choice1,event.camp_highland_snow_repair.choice1.result
camp_highland_snow_repair,2,event.camp_highland_snow_repair.choice2,event.camp_highland_snow_repair.choice2.result
camp_highland_snow_repair,3,event.camp_highland_snow_repair.choice3,event.camp_highland_snow_repair.choice3.result
camp_order_plains_dispute,1,event.camp_order_plains_dispute.choice1,event.camp_order_plains_dispute.choice1.result
camp_order_plains_dispute,2,event.camp_order_plains_dispute.choice2,event.camp_order_plains_dispute.choice2.result
camp_order_plains_dispute,3,event.camp_order_plains_dispute.choice3,event.camp_order_plains_dispute.choice3.result
camp_order_plains_watch,1,event.camp_order_plains_watch.choice1,event.camp_order_plains_watch.choice1.result
camp_order_plains_watch,2,event.camp_order_plains_watch.choice2,event.camp_order_plains_watch.choice2.result
camp_order_plains_watch,3,event.camp_order_plains_watch.choice3,event.camp_order_plains_watch.choice3.result
camp_order_plains_discipline,1,event.camp_order_plains_discipline.choice1,event.camp_order_plains_discipline.choice1.result
camp_order_plains_discipline,2,event.camp_order_plains_discipline.choice2,event.camp_order_plains_discipline.choice2.result
camp_order_plains_discipline,3,event.camp_order_plains_discipline.choice3,event.camp_order_plains_discipline.choice3.result
camp_order_desert_water,1,event.camp_order_desert_water.choice1,event.camp_order_desert_water.choice1.result
camp_order_desert_water,2,event.camp_order_desert_water.choice2,event.camp_order_desert_water.choice2.result
camp_order_desert_water,3,event.camp_order_desert_water.choice3,event.camp_order_desert_water.choice3.result
camp_order_desert_rations,1,event.camp_order_desert_rations.choice1,event.camp_order_desert_rations.choice1.result
camp_order_desert_rations,2,event.camp_order_desert_rations.choice2,event.camp_order_desert_rations.choice2.result
camp_order_desert_rations,3,event.camp_order_desert_rations.choice3,event.camp_order_desert_rations.choice3.result
camp_order_desert_sentries,1,event.camp_order_desert_sentries.choice1,event.camp_order_desert_sentries.choice1.result
camp_order_desert_sentries,2,event.camp_order_desert_sentries.choice2,event.camp_order_desert_sentries.choice2.result
camp_order_desert_sentries,3,event.camp_order_desert_sentries.choice3,event.camp_order_desert_sentries.choice3.result
camp_order_highland_fatigue,1,event.camp_order_highland_fatigue.choice1,event.camp_order_highland_fatigue.choice1.result
camp_order_highland_fatigue,2,event.camp_order_highland_fatigue.choice2,event.camp_order_highland_fatigue.choice2.result
camp_order_highland_fatigue,3,event.camp_order_highland_fatigue.choice3,event.camp_order_highland_fatigue.choice3.result
camp_order_highland_post,1,event.camp_order_highland_post.choice1,event.camp_order_highland_post.choice1.result
camp_order_highland_post,2,event.camp_order_highland_post.choice2,event.camp_order_highland_post.choice2.result
camp_order_highland_post,3,event.camp_order_highland_post.choice3,event.camp_order_highland_post.choice3.result
camp_order_highland_rules,1,event.camp_order_highland_rules.choice1,event.camp_order_highland_rules.choice1.result
camp_order_highland_rules,2,event.camp_order_highland_rules.choice2,event.camp_order_highland_rules.choice2.result
camp_order_highland_rules,3,event.camp_order_highland_rules.choice3,event.camp_order_highland_rules.choice3.result
camp_order_any_caravan_law,1,event.camp_order_any_caravan_law.choice1,event.camp_order_any_caravan_law.choice1.result
camp_order_any_caravan_law,2,event.camp_order_any_caravan_law.choice2,event.camp_order_any_caravan_law.choice2.result
camp_order_any_caravan_law,3,event.camp_order_any_caravan_law.choice3,event.camp_order_any_caravan_law.choice3.result
camp_order_any_newcomer,1,event.camp_order_any_newcomer.choice1,event.camp_order_any_newcomer.choice1.result
camp_order_any_newcomer,2,event.camp_order_any_newcomer.choice2,event.camp_order_any_newcomer.choice2.result
camp_order_any_newcomer,3,event.camp_order_any_newcomer.choice3,event.camp_order_any_newcomer.choice3.result
event_empire5_complete,1,event.event_empire5_complete.choice1,event.event_empire5_complete.choice1.result
