quest_id,stage_id,description_key,narrative_key,trigger_event_id,auto_condition_type,auto_condition_param,auto_condition_value
quest_empire_1,stage_accept,quest.quest_empire_1.stage_accept,,,,,
quest_empire_1,stage_buy_silk,quest.quest_empire_1.stage_buy_silk,quest.quest_empire_1.stage_buy_silk.narrative,event_empire1_silk_market,,,
quest_empire_1,stage_deliver,quest.quest_empire_1.stage_deliver,quest.quest_empire_1.stage_deliver.narrative,event_empire1_arrival_samarkand,,,
quest_empire_1,stage_complete,quest.quest_empire_1.stage_complete,,"event_empire1_complete_damaged,event_empire1_complete",,,
quest_empire_2,stage_accept,quest.quest_empire_2.stage_accept,quest.quest_empire_2.narrative.stage_accept,,,,
quest_empire_2,stage_travel,quest.quest_empire_2.stage_travel,quest.quest_empire_2.stage_travel.narrative,event_empire2_arrival_bukhara,,,
quest_empire_2,stage_negotiate,quest.quest_empire_2.stage_negotiate,quest.quest_empire_2.narrative.stage_negotiate,event_empire2_negotiate,,,
quest_empire_2,stage_return,quest.quest_empire_2.stage_return,quest.quest_empire_2.stage_return.narrative,event_empire2_return_samarkand,,,
quest_empire_2,stage_complete,quest.quest_empire_2.stage_complete,,event_empire2_complete,,,
quest_empire_3,stage_accept,quest.quest_empire_3.stage_accept,,,,,
quest_empire_3,stage_escort,quest.quest_empire_3.stage_escort,quest.quest_empire_3.stage_escort.narrative,event_empire3_arrival_mashhad,,,
quest_empire_3,stage_complete,quest.quest_empire_3.stage_complete,,event_empire3_complete,,,
quest_empire_4,stage_accept,quest.quest_empire_4.stage_accept,,,,,
quest_empire_4,stage_transport,quest.quest_empire_4.stage_transport,quest.quest_empire_4.stage_transport.narrative,event_empire4_arrival_baghdad,,,
quest_empire_4,stage_complete,quest.quest_empire_4.stage_complete,quest.quest_empire_4.stage_complete.narrative,"event_empire4_complete_damaged,event_empire4_complete",,,
quest_empire_5,stage_accept,quest.quest_empire_5.stage_accept,,,,,
quest_empire_5,stage_journey,quest.quest_empire_5.stage_journey,quest.quest_empire_5.stage_journey.narrative,event_empire5_arrival_constantinople,,,
quest_empire_5,stage_complete,quest.quest_empire_5.stage_complete,quest.quest_empire_5.stage_complete.narrative,event_empire5_complete,,,
quest_mystic_1,stage_accept,quest.quest_mystic_1.stage_accept,,,,,
quest_mystic_1,stage_deliver,quest.quest_mystic_1.stage_deliver,quest.quest_mystic_1.stage_deliver.narrative,event_mystic1_arrival_anxi,,,
quest_mystic_1,stage_complete,quest.quest_mystic_1.stage_complete,quest.quest_mystic_1.stage_complete.narrative,event_mystic1_complete,,,
quest_mystic_2,stage_accept,quest.quest_mystic_2.stage_accept,,,,,
quest_mystic_2,stage_visit_1,quest.quest_mystic_2.stage_visit_1,,"event_mystic2_visit_mogao,event_mystic2_visit_bibi_khanym,event_mystic2_visit_fire_temple",quest_flag,quest_mystic_2.sanctuaries_visited,1
quest_mystic_2,stage_visit_2,quest.quest_mystic_2.stage_visit_2,,"event_mystic2_visit_mogao,event_mystic2_visit_bibi_khanym,event_mystic2_visit_fire_temple",quest_flag,quest_mystic_2.sanctuaries_visited,2
quest_mystic_2,stage_visit_3,quest.quest_mystic_2.stage_visit_3,,"event_mystic2_visit_mogao,event_mystic2_visit_bibi_khanym,event_mystic2_visit_fire_temple",quest_flag,quest_mystic_2.sanctuaries_visited,3
quest_mystic_2,stage_complete,quest.quest_mystic_2.stage_complete,quest.quest_mystic_2.stage_complete.narrative,event_mystic2_complete,,,
quest_mystic_3,stage_accept,quest.quest_mystic_3.stage_accept,quest.quest_mystic_3.narrative.stage_accept,,,,
quest_mystic_3,stage_find,quest.quest_mystic_3.stage_find,quest.quest_mystic_3.narrative.stage_find,event_mystic3_find,,,
quest_mystic_3,stage_complete,quest.quest_mystic_3.stage_complete,quest.quest_mystic_3.stage_complete.narrative,event_mystic3_complete,,,
quest_mystic_4,stage_accept,quest.quest_mystic_4.stage_accept,,,,,
quest_mystic_4,stage_trials,quest.quest_mystic_4.stage_trials,quest.quest_mystic_4.stage_trials.narrative,event_mystic4_trials,,,
quest_mystic_4,stage_complete,quest.quest_mystic_4.stage_complete,quest.quest_mystic_4.stage_complete.narrative,event_mystic4_complete,,,
quest_mystic_5,stage_accept,quest.quest_mystic_5.stage_accept,,,,,
quest_mystic_5,stage_deliver,quest.quest_mystic_5.stage_deliver,quest.quest_mystic_5.stage_deliver.narrative,event_mystic5_arrival_samarkand,,,
quest_mystic_5,stage_complete,quest.quest_mystic_5.stage_complete,quest.quest_mystic_5.stage_complete.narrative,event_mystic5_complete,,,
quest_caravaneer_1,stage_accept,quest.quest_caravaneer_1.stage_accept,,,,,
quest_caravaneer_1,stage_escort_1,quest.quest_caravaneer_1.stage_escort_1,quest.quest_caravaneer_1.stage_escort_1.narrative,event_caravaneer1_hazard_1,quest_flag,quest_caravaneer_1.escort_progress,1
quest_caravaneer_1,stage_escort_2,quest.quest_caravaneer_1.stage_escort_2,quest.quest_caravaneer_1.stage_escort_2.narrative,"event_caravaneer1_hazard_2,event_caravaneer1_arrival_anxi",,,
quest_caravaneer_1,stage_complete,quest.quest_caravaneer_1.stage_complete,,"event_caravaneer1_complete_damaged,event_caravaneer1_complete",,,
quest_caravaneer_2,stage_accept,quest.quest_caravaneer_2.stage_accept,quest.quest_caravaneer_2.narrative.stage_accept,,,,
quest_caravaneer_2,stage_transport_1,quest.quest_caravaneer_2.stage_transport_1,quest.quest_caravaneer_2.stage_transport_1.narrative,event_caravaneer2_hazard_1,quest_flag,quest_caravaneer_2.transport_progress,1
quest_caravaneer_2,stage_transport_2,quest.quest_caravaneer_2.stage_transport_2,quest.quest_caravaneer_2.stage_transport_2.narrative,"event_caravaneer2_hazard_2,event_caravaneer2_arrival_mashhad",,,
quest_caravaneer_2,stage_complete,quest.quest_caravaneer_2.stage_complete,quest.quest_caravaneer_2.stage_complete.narrative,"event_caravaneer2_complete_damaged,event_caravaneer2_complete",,,
quest_caravaneer_3,stage_accept,quest.quest_caravaneer_3.stage_accept,,,,,
quest_caravaneer_3,stage_find_1,quest.quest_caravaneer_3.stage_find_1,quest.quest_caravaneer_3.stage_find_1.narrative,event_caravaneer3_clue_1,quest_flag,quest_caravaneer_3.clues_found,1
quest_caravaneer_3,stage_find_2,quest.quest_caravaneer_3.stage_find_2,quest.quest_caravaneer_3.stage_find_2.narrative,event_caravaneer3_clue_2,quest_flag,quest_caravaneer_3.clues_found,2
quest_caravaneer_3,stage_find_3,quest.quest_caravaneer_3.stage_find_3,quest.quest_caravaneer_3.stage_find_3.narrative,event_caravaneer3_clue_3,quest_flag,quest_caravaneer_3.clues_found,3
quest_caravaneer_3,stage_complete,quest.quest_caravaneer_3.stage_complete,quest.quest_caravaneer_3.stage_complete.narrative,"event_caravaneer3_complete_damaged,event_caravaneer3_complete",,,
quest_caravaneer_4,stage_accept,quest.quest_caravaneer_4.stage_accept,,,,,
quest_caravaneer_4,stage_defend,quest.quest_caravaneer_4.stage_defend,,event_caravaneer4_defend,,,
quest_caravaneer_4,stage_complete,quest.quest_caravaneer_4.stage_complete,quest.quest_caravaneer_4.stage_complete.narrative,event_caravaneer4_complete,,,
quest_caravaneer_5,stage_accept,quest.quest_caravaneer_5.stage_accept,,,,,
quest_caravaneer_5,stage_journey,quest.quest_caravaneer_5.stage_journey,quest.quest_caravaneer_5.stage_journey.narrative,event_caravaneer5_arrival_baghdad,,,
quest_caravaneer_5,stage_complete,quest.quest_caravaneer_5.stage_complete,quest.quest_caravaneer_5.stage_complete.narrative,event_caravaneer5_complete,,,
quest_silk_1,stage_accept,quest.quest_silk_1.stage_accept,,,,,
quest_silk_1,stage_deliver,quest.quest_silk_1.stage_deliver,quest.quest_silk_1.stage_deliver.narrative,event_silk1_arrival_changan,,,
quest_silk_1,stage_complete,quest.quest_silk_1.stage_complete,,event_silk1_complete,,,
quest_silk_2,stage_accept,quest.quest_silk_2.stage_accept,quest.quest_silk_2.narrative.stage_accept,,,,
quest_silk_2,stage_find,quest.quest_silk_2.stage_find,quest.quest_silk_2.narrative.stage_find,event_silk2_find,,,
quest_silk_2,stage_complete,quest.quest_silk_2.stage_complete,,event_silk2_complete,,,
quest_silk_3,stage_accept,quest.quest_silk_3.stage_accept,,,,,
quest_silk_3,stage_infiltrate_1,quest.quest_silk_3.stage_infiltrate_1,quest.quest_silk_3.stage_infiltrate_1.narrative,event_silk3_recon,quest_flag,quest_silk_3.infil_progress,1
quest_silk_3,stage_infiltrate_2,quest.quest_silk_3.stage_infiltrate_2,quest.quest_silk_3.stage_infiltrate_2.narrative,event_silk3_breakin,quest_flag,quest_silk_3.infil_progress,2
quest_silk_3,stage_complete,quest.quest_silk_3.stage_complete,,"event_silk3_complete_damaged,event_silk3_complete",,,
quest_silk_4,stage_accept,quest.quest_silk_4.stage_accept,,,,,
quest_silk_4,stage_build_1,quest.quest_silk_4.stage_build_1,quest.quest_silk_4.stage_build_1.narrative,event_silk4_find_masters,quest_flag,quest_silk_4.build_progress,1
quest_silk_4,stage_build_2,quest.quest_silk_4.stage_build_2,quest.quest_silk_4.stage_build_2.narrative,event_silk4_launch,quest_flag,quest_silk_4.build_progress,2
quest_silk_4,stage_complete,quest.quest_silk_4.stage_complete,,"event_silk4_complete_damaged,event_silk4_complete",,,
quest_silk_5,stage_accept,quest.quest_silk_5.stage_accept,,,,,
quest_silk_5,stage_deliver,quest.quest_silk_5.stage_deliver,quest.quest_silk_5.stage_deliver.narrative,event_silk5_arrival_changan,,,
quest_silk_5,stage_complete,quest.quest_silk_5.stage_complete,quest.quest_silk_5.stage_complete.narrative,event_silk5_complete,,,
quest_artifact_1,stage_accept,quest.quest_artifact_1.stage_accept,quest.quest_artifact_1.narrative.stage_accept,,,,
quest_artifact_1,stage_decipher,quest.quest_artifact_1.stage_decipher,quest.quest_artifact_1.narrative.stage_decipher,event_artifact1_decipher,,,
quest_artifact_1,stage_first_relic,quest.quest_artifact_1.stage_first_relic,,event_artifact1_complete,,,
quest_artifact_1,stage_collect_1,quest.quest_artifact_1.stage_collect_1,,"event_artifact2_khotan,event_artifact2_balkh,event_artifact2_kucha",quest_flag,quest_artifact_1.artifacts_collected,1
quest_artifact_1,stage_collect_2,quest.quest_artifact_1.stage_collect_2,,"event_artifact2_khotan,event_artifact2_balkh,event_artifact2_kucha",quest_flag,quest_artifact_1.artifacts_collected,2
quest_artifact_1,stage_collect_3,quest.quest_artifact_1.stage_collect_3,,"event_artifact2_khotan,event_artifact2_balkh,event_artifact2_kucha",quest_flag,quest_artifact_1.artifacts_collected,3
quest_artifact_1,stage_complete,quest.quest_artifact_1.stage_complete,,event_artifact2_complete,,,
quest_artifact_3,stage_accept,quest.quest_artifact_3.stage_accept,,,,,
quest_artifact_3,stage_expose_1,quest.quest_artifact_3.stage_expose_1,quest.quest_artifact_3.stage_expose_1.narrative,event_artifact3_gather,quest_flag,quest_artifact_3.expose_progress,1
quest_artifact_3,stage_expose_2,quest.quest_artifact_3.stage_expose_2,quest.quest_artifact_3.stage_expose_2.narrative,event_artifact3_unmask,quest_flag,quest_artifact_3.expose_progress,2
quest_artifact_3,stage_complete,quest.quest_artifact_3.stage_complete,,"event_artifact3_complete_damaged,event_artifact3_complete",,,
quest_artifact_4,stage_accept,quest.quest_artifact_4.stage_accept,,,,,
quest_artifact_4,stage_search_1,quest.quest_artifact_4.stage_search_1,quest.quest_artifact_4.stage_search_1.narrative,event_artifact4_coords,quest_flag,quest_artifact_4.search_progress,1
quest_artifact_4,stage_search_2,quest.quest_artifact_4.stage_search_2,quest.quest_artifact_4.stage_search_2.narrative,event_artifact4_enter,quest_flag,quest_artifact_4.search_progress,2
quest_artifact_4,stage_complete,quest.quest_artifact_4.stage_complete,,"event_artifact4_complete_damaged,event_artifact4_complete",,,
quest_artifact_5,stage_accept,quest.quest_artifact_5.stage_accept,,,,,
quest_artifact_5,stage_deliver,quest.quest_artifact_5.stage_deliver,quest.quest_artifact_5.stage_deliver.narrative,event_artifact5_arrival_samarkand,,,
quest_artifact_5,stage_complete,quest.quest_artifact_5.stage_complete,,event_artifact5_complete,,,
quest_bg_merchant_1,stage_accept,quest.quest_bg_merchant_1.stage_accept,,,,,
quest_bg_merchant_1,stage_investigate,quest.quest_bg_merchant_1.stage_investigate,quest.quest_bg_merchant_1.stage_investigate.narrative,bg_merchant_1_investigate,,,
quest_bg_merchant_1,stage_complete,quest.quest_bg_merchant_1.stage_complete,,bg_merchant_1_complete,,,
quest_bg_merchant_2,stage_accept,quest.quest_bg_merchant_2.stage_accept,,,,,
quest_bg_merchant_2,stage_search,quest.quest_bg_merchant_2.stage_search,quest.quest_bg_merchant_2.stage_search.narrative,bg_merchant_2_search,,,
quest_bg_merchant_2,stage_complete,quest.quest_bg_merchant_2.stage_complete,,bg_merchant_2_complete,,,
quest_bg_merchant_3,stage_accept,quest.quest_bg_merchant_3.stage_accept,,,,,
quest_bg_merchant_3,stage_complete,quest.quest_bg_merchant_3.stage_complete,,bg_merchant_3_complete,,,
quest_bg_caravaneer_1,stage_accept,quest.quest_bg_caravaneer_1.stage_accept,,,,,
quest_bg_caravaneer_1,stage_inquire,quest.quest_bg_caravaneer_1.stage_inquire,quest.quest_bg_caravaneer_1.stage_inquire.narrative,bg_caravaneer_1_inquire,,,
quest_bg_caravaneer_1,stage_complete,quest.quest_bg_caravaneer_1.stage_complete,,bg_caravaneer_1_complete,,,
quest_bg_caravaneer_2,stage_accept,quest.quest_bg_caravaneer_2.stage_accept,,,,,
quest_bg_caravaneer_2,stage_find,quest.quest_bg_caravaneer_2.stage_find,quest.quest_bg_caravaneer_2.stage_find.narrative,bg_caravaneer_2_find,,,
quest_bg_caravaneer_2,stage_complete,quest.quest_bg_caravaneer_2.stage_complete,,bg_caravaneer_2_complete,,,
quest_bg_caravaneer_3,stage_accept,quest.quest_bg_caravaneer_3.stage_accept,,,,,
quest_bg_caravaneer_3,stage_complete,quest.quest_bg_caravaneer_3.stage_complete,,bg_caravaneer_3_complete,,,
quest_bg_wanderer_1,stage_accept,quest.quest_bg_wanderer_1.stage_accept,,,,,
quest_bg_wanderer_1,stage_locate,quest.quest_bg_wanderer_1.stage_locate,quest.quest_bg_wanderer_1.stage_locate.narrative,bg_wanderer_1_locate,,,
quest_bg_wanderer_1,stage_complete,quest.quest_bg_wanderer_1.stage_complete,,bg_wanderer_1_complete,,,
quest_bg_wanderer_2,stage_accept,quest.quest_bg_wanderer_2.stage_accept,,,,,
quest_bg_wanderer_2,stage_track,quest.quest_bg_wanderer_2.stage_track,quest.quest_bg_wanderer_2.stage_track.narrative,bg_wanderer_2_track,,,
quest_bg_wanderer_2,stage_complete,quest.quest_bg_wanderer_2.stage_complete,,bg_wanderer_2_complete,,,
quest_bg_wanderer_3,stage_accept,quest.quest_bg_wanderer_3.stage_accept,,,,,
quest_bg_wanderer_3,stage_complete,quest.quest_bg_wanderer_3.stage_complete,,bg_wanderer_3_complete,,,
quest_bg_diplomat_1,stage_accept,quest.quest_bg_diplomat_1.stage_accept,,,,,
quest_bg_diplomat_1,stage_decode,quest.quest_bg_diplomat_1.stage_decode,quest.quest_bg_diplomat_1.stage_decode.narrative,bg_diplomat_1_decode,,,
quest_bg_diplomat_1,stage_complete,quest.quest_bg_diplomat_1.stage_complete,,bg_diplomat_1_complete,,,
quest_bg_diplomat_2,stage_accept,quest.quest_bg_diplomat_2.stage_accept,,,,,
quest_bg_diplomat_2,stage_pass,quest.quest_bg_diplomat_2.stage_pass,quest.quest_bg_diplomat_2.stage_pass.narrative,bg_diplomat_2_pass,,,
quest_bg_diplomat_2,stage_complete,quest.quest_bg_diplomat_2.stage_complete,,bg_diplomat_2_complete,,,
quest_bg_diplomat_3,stage_accept,quest.quest_bg_diplomat_3.stage_accept,,,,,
quest_bg_diplomat_3,stage_complete,quest.quest_bg_diplomat_3.stage_complete,,bg_diplomat_3_complete,,,
quest_bg_smuggler_1,stage_accept,quest.quest_bg_smuggler_1.stage_accept,,,,,
quest_bg_smuggler_1,stage_meet,quest.quest_bg_smuggler_1.stage_meet,quest.quest_bg_smuggler_1.stage_meet.narrative,bg_smuggler_1_meet,,,
quest_bg_smuggler_1,stage_complete,quest.quest_bg_smuggler_1.stage_complete,,bg_smuggler_1_complete,,,
quest_bg_smuggler_2,stage_accept,quest.quest_bg_smuggler_2.stage_accept,,,,,
quest_bg_smuggler_2,stage_gather,quest.quest_bg_smuggler_2.stage_gather,quest.quest_bg_smuggler_2.stage_gather.narrative,bg_smuggler_2_gather,,,
quest_bg_smuggler_2,stage_complete,quest.quest_bg_smuggler_2.stage_complete,,bg_smuggler_2_complete,,,
quest_bg_smuggler_3,stage_accept,quest.quest_bg_smuggler_3.stage_accept,,,,,
quest_bg_smuggler_3,stage_complete,quest.quest_bg_smuggler_3.stage_complete,,bg_smuggler_3_complete,,,
quest_bg_bandit_1,stage_accept,quest.quest_bg_bandit_1.stage_accept,,,,,
quest_bg_bandit_1,stage_repay,quest.quest_bg_bandit_1.stage_repay,quest.quest_bg_bandit_1.stage_repay.narrative,bg_bandit_1_repay,,,
quest_bg_bandit_1,stage_complete,quest.quest_bg_bandit_1.stage_complete,,bg_bandit_1_complete,,,
quest_bg_bandit_2,stage_accept,quest.quest_bg_bandit_2.stage_accept,,,,,
quest_bg_bandit_2,stage_find,quest.quest_bg_bandit_2.stage_find,quest.quest_bg_bandit_2.stage_find.narrative,bg_bandit_2_find,,,
quest_bg_bandit_2,stage_complete,quest.quest_bg_bandit_2.stage_complete,,bg_bandit_2_complete,,,
quest_bg_bandit_3,stage_accept,quest.quest_bg_bandit_3.stage_accept,,,,,
quest_bg_bandit_3,stage_complete,quest.quest_bg_bandit_3.stage_complete,,bg_bandit_3_complete,,,
quest_bg_scholar_1,stage_accept,quest.quest_bg_scholar_1.stage_accept,,,,,
quest_bg_scholar_1,stage_acquire,quest.quest_bg_scholar_1.stage_acquire,quest.quest_bg_scholar_1.stage_acquire.narrative,bg_scholar_1_acquire,,,
quest_bg_scholar_1,stage_complete,quest.quest_bg_scholar_1.stage_complete,,bg_scholar_1_complete,,,
quest_bg_scholar_2,stage_accept,quest.quest_bg_scholar_2.stage_accept,,,,,
quest_bg_scholar_2,stage_earn,quest.quest_bg_scholar_2.stage_earn,quest.quest_bg_scholar_2.stage_earn.narrative,bg_scholar_2_earn,,,
quest_bg_scholar_2,stage_complete,quest.quest_bg_scholar_2.stage_complete,,bg_scholar_2_complete,,,
quest_bg_scholar_3,stage_accept,quest.quest_bg_scholar_3.stage_accept,,,,,
quest_bg_scholar_3,stage_complete,quest.quest_bg_scholar_3.stage_complete,,bg_scholar_3_complete,,,
quest_bg_pilgrim_1,stage_accept,quest.quest_bg_pilgrim_1.stage_accept,,,,,
quest_bg_pilgrim_1,stage_offer,quest.quest_bg_pilgrim_1.stage_offer,quest.quest_bg_pilgrim_1.stage_offer.narrative,bg_pilgrim_1_offer,,,
quest_bg_pilgrim_1,stage_complete,quest.quest_bg_pilgrim_1.stage_complete,,bg_pilgrim_1_complete,,,
quest_bg_pilgrim_2,stage_accept,quest.quest_bg_pilgrim_2.stage_accept,,,,,
quest_bg_pilgrim_2,stage_rite,quest.quest_bg_pilgrim_2.stage_rite,quest.quest_bg_pilgrim_2.stage_rite.narrative,bg_pilgrim_2_rite,,,
quest_bg_pilgrim_2,stage_complete,quest.quest_bg_pilgrim_2.stage_complete,,bg_pilgrim_2_complete,,,
quest_bg_pilgrim_3,stage_accept,quest.quest_bg_pilgrim_3.stage_accept,,,,,
quest_bg_pilgrim_3,stage_complete,quest.quest_bg_pilgrim_3.stage_complete,,bg_pilgrim_3_complete,,,
